-- phpMyAdmin SQL Dump
-- version 4.8.3
-- https://www.phpmyadmin.net/
--
-- Host: 127.0.0.1:3306
-- Waktu pembuatan: 30 Okt 2020 pada 07.57
-- Versi server: 5.7.23
-- Versi PHP: 7.2.10

SET SQL_MODE = "NO_AUTO_VALUE_ON_ZERO";
SET AUTOCOMMIT = 0;
START TRANSACTION;
SET time_zone = "+00:00";


/*!40101 SET @OLD_CHARACTER_SET_CLIENT=@@CHARACTER_SET_CLIENT */;
/*!40101 SET @OLD_CHARACTER_SET_RESULTS=@@CHARACTER_SET_RESULTS */;
/*!40101 SET @OLD_COLLATION_CONNECTION=@@COLLATION_CONNECTION */;
/*!40101 SET NAMES utf8mb4 */;

--
-- Database: `oguru`
--

-- --------------------------------------------------------

--
-- Struktur dari tabel `category`
--

DROP TABLE IF EXISTS `category`;
CREATE TABLE IF NOT EXISTS `category` (
  `id` int(11) UNSIGNED NOT NULL AUTO_INCREMENT,
  `code` varchar(255) COLLATE utf8_unicode_ci DEFAULT NULL,
  `name` varchar(255) COLLATE utf8_unicode_ci DEFAULT NULL,
  `parent` int(11) DEFAULT '0',
  `slug` varchar(255) COLLATE utf8_unicode_ci DEFAULT NULL,
  `date_added` int(11) DEFAULT NULL,
  `last_modified` int(11) DEFAULT NULL,
  `font_awesome_class` varchar(255) COLLATE utf8_unicode_ci DEFAULT NULL,
  PRIMARY KEY (`id`)
) ENGINE=InnoDB AUTO_INCREMENT=23 DEFAULT CHARSET=utf8 COLLATE=utf8_unicode_ci;

--
-- Dumping data untuk tabel `category`
--

INSERT INTO `category` (`id`, `code`, `name`, `parent`, `slug`, `date_added`, `last_modified`, `font_awesome_class`) VALUES
(1, 'a4babf3892', 'Bahasa', 1, 'bahasa', 1594080000, 1594080000, 'fas fa-book'),
(2, '6e36721311', 'Seni', 1, 'seni', 1594080000, 1594080000, 'fas fa-mobile'),
(4, '640fd5fd7b', 'Foto &amp; Vidiografi', 1, 'foto-amp-vidiografi', 1599782400, NULL, 'fas fa-camera-retro'),
(5, 'a0b92f4968', 'Psikologi', 1, 'psikologi', 1599782400, NULL, 'fab fa-accessible-icon'),
(6, '534f43b819', 'Teknologi Informasi &amp; Komunikasi', 1, 'teknologi-informasi-amp-komunikasi', 1599782400, NULL, 'fas fa-desktop'),
(7, '38cd6042e3', 'Manajemen dan Bisnis', 1, 'manajemen-dan-bisnis', 1599782400, NULL, 'fas fa-briefcase'),
(8, 'd810db6db5', 'Fashion', 1, 'fashion', 1599782400, NULL, 'far fa-smile'),
(9, 'ffe7a019bc', 'SD', 2, 'sd', 1599782400, NULL, 'far fa-clipboard'),
(10, '76381deed4', 'SMP', 2, 'smp', 1599782400, NULL, 'fas fa-clipboard'),
(11, '1cf9de2ca7', 'SMA', 2, 'sma', 1599782400, NULL, 'fas fa-clipboard-list'),
(12, 'f450510c32', 'Ujian Akademik', 2, 'ujian-akademik', 1599782400, NULL, 'fas fa-clipboard-check'),
(13, 'fa01520c21', 'Desain', 3, 'desain', 1600473600, 1600473600, 'fas fa-crop'),
(14, 'dee29d68a1', 'Kesehatan', 3, 'kesehatan', 1600473600, 1600473600, 'fab fa-gratipay'),
(15, '4d674c9c63', 'Bisnis', 3, 'bisnis', 1600473600, 1600473600, 'far fa-building'),
(16, 'fcc2f44340', 'Seni', 3, 'seni-', 1600473600, NULL, 'fas fa-mobile'),
(17, 'e06549ff28', 'Hukum &amp; Pemerintahan', 3, 'hukum-amp-pemerintahan', 1600473600, NULL, 'fas fa-gavel'),
(18, '4042de71d8', 'Teknologi', 3, 'teknologi', 1600473600, NULL, 'fas fa-desktop'),
(19, '7cc3467635', 'Psikologi', 3, 'psikologi-', 1600473600, NULL, 'fab fa-accessible-icon'),
(20, '346475fc89', 'Ilmu Sosial', 3, 'ilmu-sosial', 1600473600, NULL, 'fas fa-users'),
(21, '3dd0e068b3', 'Ilmu Alam', 3, 'ilmu-alam', 1600473600, NULL, 'fab fa-pagelines'),
(22, '2dbd0d101f', 'Berita Baru', 3, 'berita-baru', 1600473600, NULL, 'fas fa-newspaper');

-- --------------------------------------------------------

--
-- Struktur dari tabel `ci_sessions`
--

DROP TABLE IF EXISTS `ci_sessions`;
CREATE TABLE IF NOT EXISTS `ci_sessions` (
  `id` varchar(40) COLLATE utf8_unicode_ci NOT NULL,
  `ip_address` varchar(45) COLLATE utf8_unicode_ci NOT NULL,
  `timestamp` int(10) UNSIGNED NOT NULL DEFAULT '0',
  `data` blob NOT NULL
) ENGINE=InnoDB DEFAULT CHARSET=utf8 COLLATE=utf8_unicode_ci;

--
-- Dumping data untuk tabel `ci_sessions`
--

INSERT INTO `ci_sessions` (`id`, `ip_address`, `timestamp`, `data`) VALUES
('1v7tljr5iqop8nv1c66cg4f4j4v382sb', '120.188.75.135', 1603755842, 0x5f5f63695f6c6173745f726567656e65726174657c693a313630333735353834323b636172745f6974656d737c613a303a7b7d),
('6uui9ac8m6ngg5087ee05nh48ith4kjj', '36.78.104.204', 1603756588, 0x5f5f63695f6c6173745f726567656e65726174657c693a313630333735363538383b636172745f6974656d737c613a303a7b7d666c6173685f6d6573736167657c733a32303a2250656e646166746172616e20426572686173696c223b5f5f63695f766172737c613a313a7b733a31333a22666c6173685f6d657373616765223b733a333a226f6c64223b7d),
('knbm5gohb27nmtse5aonag08ldaul61j', '54.36.148.95', 1603756406, 0x5f5f63695f6c6173745f726567656e65726174657c693a313630333735363430353b636172745f6974656d737c613a303a7b7d6c61796f75747c733a343a226c697374223b),
('86rar2r79mrame4ag6rt59snshl4bps1', '120.188.75.135', 1603757303, 0x5f5f63695f6c6173745f726567656e65726174657c693a313630333735373330333b636172745f6974656d737c613a303a7b7d757365725f69647c733a313a2231223b726f6c655f69647c733a313a2231223b726f6c657c733a353a2241646d696e223b6e616d657c733a31343a224f67757275204f6666696369616c223b69735f6564756b61746f727c733a313a2231223b61646d696e5f6c6f67696e7c733a313a2231223b),
('6svijjoklj4bh7u3mfcg7kaau2m8mcpq', '36.78.104.204', 1603758493, 0x5f5f63695f6c6173745f726567656e65726174657c693a313630333735383439333b636172745f6974656d737c613a303a7b7d666c6173685f6d6573736167657c733a32303a2250656e646166746172616e20426572686173696c223b5f5f63695f766172737c613a313a7b733a31333a22666c6173685f6d657373616765223b733a333a226f6c64223b7d),
('cip01vhlu23gcjjla2tjtj7tjndfgktn', '120.188.75.135', 1603757675, 0x5f5f63695f6c6173745f726567656e65726174657c693a313630333735373637353b636172745f6974656d737c613a303a7b7d69735f6564756b61746f727c733a313a2230223b757365725f69647c733a323a223432223b726f6c655f69647c733a313a2232223b726f6c657c733a343a2255736572223b6e616d657c733a31373a2246494e4120414b484d414c412044494e59223b757365725f6c6f67696e7c733a313a2231223b6c61796f75747c733a343a226c697374223b),
('7ub6slot7b9fgsvfj2m3vnoed0mdqdpb', '120.188.75.135', 1603758070, 0x5f5f63695f6c6173745f726567656e65726174657c693a313630333735383037303b636172745f6974656d737c613a303a7b7d69735f6564756b61746f727c733a313a2230223b757365725f69647c733a323a223432223b726f6c655f69647c733a313a2232223b726f6c657c733a343a2255736572223b6e616d657c733a31373a2246494e4120414b484d414c412044494e59223b757365725f6c6f67696e7c733a313a2231223b6c61796f75747c733a343a226c697374223b),
('jdbhq6k5e4m50gh6ogsqbd2gr75n905b', '120.188.75.135', 1603758867, 0x5f5f63695f6c6173745f726567656e65726174657c693a313630333735383836373b636172745f6974656d737c613a303a7b7d69735f6564756b61746f727c733a313a2230223b6c61796f75747c733a343a226c697374223b),
('cbbgqoos4b5np4r6fgtc31f6cpuno612', '114.79.22.122', 1603758327, 0x5f5f63695f6c6173745f726567656e65726174657c693a313630333735383231363b636172745f6974656d737c613a303a7b7d),
('nr3ploh7jbue17voudfpu1q9fu4v327b', '36.78.104.204', 1603758971, 0x5f5f63695f6c6173745f726567656e65726174657c693a313630333735383937313b636172745f6974656d737c613a303a7b7d),
('mq307g821sroei0hv60cmt30l5agu7br', '36.78.104.204', 1603758796, 0x5f5f63695f6c6173745f726567656e65726174657c693a313630333735383739363b636172745f6974656d737c613a303a7b7d757365725f69647c733a323a223537223b726f6c655f69647c733a313a2232223b726f6c657c733a343a2255736572223b6e616d657c733a31313a224e61647961205075747269223b69735f6564756b61746f727c733a313a2230223b757365725f6c6f67696e7c733a313a2231223b),
('i0g77o2telqo5fj3eckihms3lj0pr3ag', '36.78.104.204', 1603758953, 0x5f5f63695f6c6173745f726567656e65726174657c693a313630333735383739363b636172745f6974656d737c613a303a7b7d69735f6564756b61746f727c733a313a2230223b757365725f69647c733a323a223538223b726f6c655f69647c733a313a2232223b726f6c657c733a343a2255736572223b6e616d657c733a32313a22496d726f26233033393b6174756c20417a697a6168223b757365725f6c6f67696e7c733a313a2231223b),
('21vr2d3084io83pf064rije0u07frd9p', '120.188.75.135', 1603759364, 0x5f5f63695f6c6173745f726567656e65726174657c693a313630333735393336343b636172745f6974656d737c613a303a7b7d69735f6564756b61746f727c733a313a2230223b6c61796f75747c733a343a226c697374223b),
('back9bav5q8r52mm0abnbc4h9v632v8o', '36.78.104.204', 1603759750, 0x5f5f63695f6c6173745f726567656e65726174657c693a313630333735393735303b636172745f6974656d737c613a303a7b7d757365725f69647c733a323a223538223b726f6c655f69647c733a313a2232223b726f6c657c733a343a2255736572223b6e616d657c733a32313a22496d726f26233033393b6174756c20417a697a6168223b69735f6564756b61746f727c733a313a2230223b757365725f6c6f67696e7c733a313a2231223b),
('kjd164bp5orh5gn3iaipq0ik2be3hq15', '120.188.75.135', 1603759681, 0x5f5f63695f6c6173745f726567656e65726174657c693a313630333735393638313b636172745f6974656d737c613a303a7b7d69735f6564756b61746f727c733a313a2230223b6c61796f75747c733a343a226c697374223b757365725f69647c733a323a223432223b726f6c655f69647c733a313a2232223b726f6c657c733a343a2255736572223b6e616d657c733a31373a2246494e4120414b484d414c412044494e59223b757365725f6c6f67696e7c733a313a2231223b),
('pbq92bb1b51ivbni75l0tdajbo41ie93', '120.188.75.135', 1603760052, 0x5f5f63695f6c6173745f726567656e65726174657c693a313630333736303035323b636172745f6974656d737c613a303a7b7d69735f6564756b61746f727c733a313a2230223b6c61796f75747c733a343a226c697374223b757365725f69647c733a323a223432223b726f6c655f69647c733a313a2232223b726f6c657c733a343a2255736572223b6e616d657c733a31373a2246494e4120414b484d414c412044494e59223b757365725f6c6f67696e7c733a313a2231223b),
('ijn7ge4pecak1es41i0mtg2hjdkc29pt', '36.78.104.204', 1603759858, 0x5f5f63695f6c6173745f726567656e65726174657c693a313630333735393735303b636172745f6974656d737c613a303a7b7d69735f6564756b61746f727c733a313a2230223b757365725f69647c733a323a223539223b726f6c655f69647c733a313a2232223b726f6c657c733a343a2255736572223b6e616d657c733a31383a225769736e75204164697479617761726d616e223b757365725f6c6f67696e7c733a313a2231223b),
('8f92l82gd89abhlerqml6778jt9m0ceu', '36.74.177.219', 1603760252, 0x5f5f63695f6c6173745f726567656e65726174657c693a313630333736303235323b636172745f6974656d737c613a303a7b7d69735f6564756b61746f727c733a313a2231223b),
('do5n7hd1tramhrvurud64bj1reckc7a9', '120.188.75.135', 1603760365, 0x5f5f63695f6c6173745f726567656e65726174657c693a313630333736303336353b636172745f6974656d737c613a303a7b7d69735f6564756b61746f727c733a313a2230223b6c61796f75747c733a343a226c697374223b757365725f69647c733a323a223435223b726f6c655f69647c733a313a2232223b726f6c657c733a343a2255736572223b6e616d657c733a383a22416e697361682020223b757365725f6c6f67696e7c733a313a2231223b),
('opb9olb5tff5ppg75jk5s2nt9pckobhb', '36.74.177.219', 1603760555, 0x5f5f63695f6c6173745f726567656e65726174657c693a313630333736303535353b636172745f6974656d737c613a303a7b7d69735f6564756b61746f727c733a313a2231223b757365725f69647c733a323a223338223b726f6c655f69647c733a313a2232223b726f6c657c733a343a2255736572223b6e616d657c733a32303a22497a7a61204d696c656e69612041726979617469223b757365725f6c6f67696e7c733a313a2231223b),
('q55a7ai8i4ou08cg0dgh28e4332ef6lc', '120.188.75.135', 1603760679, 0x5f5f63695f6c6173745f726567656e65726174657c693a313630333736303637393b636172745f6974656d737c613a303a7b7d69735f6564756b61746f727c733a313a2230223b6c61796f75747c733a343a226c697374223b757365725f69647c733a323a223438223b726f6c655f69647c733a313a2232223b726f6c657c733a343a2255736572223b6e616d657c733a31353a22507269737469612053616272696e61223b666c6173685f6d6573736167657c733a33303a2253656c616d617420446174616e6720507269737469612053616272696e61223b5f5f63695f766172737c613a313a7b733a31333a22666c6173685f6d657373616765223b733a333a226f6c64223b7d757365725f6c6f67696e7c733a313a2231223b),
('6cmep4elqopci0ik3ubf4bsv2k27poj2', '36.74.177.219', 1603760867, 0x5f5f63695f6c6173745f726567656e65726174657c693a313630333736303836373b636172745f6974656d737c613a303a7b7d),
('21q9qvm1v6rjpgj0nftg03k8q9jqpckk', '36.74.177.219', 1603760857, 0x5f5f63695f6c6173745f726567656e65726174657c693a313630333736303835373b636172745f6974656d737c613a303a7b7d69735f6564756b61746f727c733a313a2231223b),
('0iqnb457etgam4te066sggiosqmo0tja', '120.188.75.135', 1603761015, 0x5f5f63695f6c6173745f726567656e65726174657c693a313630333736313031353b636172745f6974656d737c613a303a7b7d69735f6564756b61746f727c733a313a2230223b6c61796f75747c733a343a226c697374223b757365725f69647c733a323a223531223b726f6c655f69647c733a313a2232223b726f6c657c733a343a2255736572223b6e616d657c733a393a224d4f4820484f534e4f223b757365725f6c6f67696e7c733a313a2231223b),
('edulo5081g6jhf6k0hmqifarrn8b2o8n', '36.81.159.196', 1603763815, 0x5f5f63695f6c6173745f726567656e65726174657c693a313630333736333831353b636172745f6974656d737c613a303a7b7d),
('mgs9qd2a500dbrvoqghfhqmkc5otkn0s', '36.74.177.219', 1603762160, 0x5f5f63695f6c6173745f726567656e65726174657c693a313630333736323136303b636172745f6974656d737c613a303a7b7d69735f6564756b61746f727c733a313a2231223b),
('e1qiv5pn3omfk7f1cojhec61r0s4d68h', '36.74.177.219', 1603760869, 0x5f5f63695f6c6173745f726567656e65726174657c693a313630333736303836373b636172745f6974656d737c613a303a7b7d),
('06q4dtcbkulc8c28pltmg0sor66isu5i', '120.188.75.135', 1603761324, 0x5f5f63695f6c6173745f726567656e65726174657c693a313630333736313332343b636172745f6974656d737c613a303a7b7d69735f6564756b61746f727c733a313a2230223b6c61796f75747c733a343a226c697374223b757365725f69647c733a323a223535223b726f6c655f69647c733a313a2232223b726f6c657c733a343a2255736572223b6e616d657c733a31333a22547269205769736979616e7469223b757365725f6c6f67696e7c733a313a2231223b),
('943nv1q5cfgkj0nut9gp0otbkg3bon5d', '120.188.75.135', 1603761634, 0x5f5f63695f6c6173745f726567656e65726174657c693a313630333736313633343b636172745f6974656d737c613a303a7b7d69735f6564756b61746f727c733a313a2231223b6c61796f75747c733a343a226c697374223b757365725f69647c733a313a2231223b726f6c655f69647c733a313a2231223b726f6c657c733a353a2241646d696e223b6e616d657c733a31343a224f67757275204f6666696369616c223b61646d696e5f6c6f67696e7c733a313a2231223b),
('v8t7tnbfumdpq589m1v2ib6rgvdoq9me', '54.36.148.95', 1603761401, 0x5f5f63695f6c6173745f726567656e65726174657c693a313630333736313430313b636172745f6974656d737c613a303a7b7d6c61796f75747c733a343a226c697374223b),
('jilsjc87qn0b8jo16h0n2k36k9f11uf1', '120.188.75.135', 1603762059, 0x5f5f63695f6c6173745f726567656e65726174657c693a313630333736323035393b636172745f6974656d737c613a303a7b7d69735f6564756b61746f727c733a313a2231223b6c61796f75747c733a343a226c697374223b757365725f69647c733a313a2231223b726f6c655f69647c733a313a2231223b726f6c657c733a353a2241646d696e223b6e616d657c733a31343a224f67757275204f6666696369616c223b61646d696e5f6c6f67696e7c733a313a2231223b),
('ag2pnjj0087mo5dq4f88pa8vj42dk9pi', '120.188.75.135', 1603763080, 0x5f5f63695f6c6173745f726567656e65726174657c693a313630333736333038303b636172745f6974656d737c613a303a7b7d69735f6564756b61746f727c733a313a2231223b6c61796f75747c733a343a226c697374223b757365725f69647c733a313a2231223b726f6c655f69647c733a313a2231223b726f6c657c733a353a2241646d696e223b6e616d657c733a31343a224f67757275204f6666696369616c223b61646d696e5f6c6f67696e7c733a313a2231223b),
('j1sq5fs8pn8j3fqc3tu1at712heees5r', '36.74.177.219', 1603762725, 0x5f5f63695f6c6173745f726567656e65726174657c693a313630333736323732353b636172745f6974656d737c613a303a7b7d69735f6564756b61746f727c733a313a2231223b),
('723cl5ta4ejf9b16ateeiidodb10rftd', '36.74.177.219', 1603763116, 0x5f5f63695f6c6173745f726567656e65726174657c693a313630333736333131363b636172745f6974656d737c613a303a7b7d69735f6564756b61746f727c733a313a2231223b),
('sp9olkvvu228kdb4o7vpcq0bn3bnqhr2', '36.68.223.42', 1603763394, 0x5f5f63695f6c6173745f726567656e65726174657c693a313630333736333339343b636172745f6974656d737c613a303a7b7d),
('3vifkearatanra4h7ppd6g421cpjina8', '120.188.75.135', 1603763395, 0x5f5f63695f6c6173745f726567656e65726174657c693a313630333736333339353b636172745f6974656d737c613a303a7b7d69735f6564756b61746f727c733a313a2231223b6c61796f75747c733a343a226c697374223b757365725f69647c733a313a2231223b726f6c655f69647c733a313a2231223b726f6c657c733a353a2241646d696e223b6e616d657c733a31343a224f67757275204f6666696369616c223b61646d696e5f6c6f67696e7c733a313a2231223b),
('nkbqfu6pv9c9a6kl6ps02obmcp4r97f5', '36.74.177.219', 1603763199, 0x5f5f63695f6c6173745f726567656e65726174657c693a313630333736333131363b636172745f6974656d737c613a303a7b7d69735f6564756b61746f727c733a313a2231223b),
('go47qp06p20cq8dk4d6dsk1shk8fpcpi', '36.68.223.42', 1603769829, 0x5f5f63695f6c6173745f726567656e65726174657c693a313630333736393832393b636172745f6974656d737c613a303a7b7d6c61796f75747c733a343a226c697374223b),
('j8tdltqig9qu0io5gs3ndsifiid271kt', '120.188.75.135', 1603763701, 0x5f5f63695f6c6173745f726567656e65726174657c693a313630333736333730313b636172745f6974656d737c613a303a7b7d69735f6564756b61746f727c733a313a2230223b6c61796f75747c733a343a226c697374223b757365725f69647c733a323a223631223b726f6c655f69647c733a313a2232223b726f6c657c733a343a2255736572223b6e616d657c733a31313a225265797361206572696b61223b757365725f6c6f67696e7c733a313a2231223b),
('gg8k2qmnhtnltk4b8g9n1p22mkf52n8s', '120.188.75.135', 1603764151, 0x5f5f63695f6c6173745f726567656e65726174657c693a313630333736343135313b636172745f6974656d737c613a303a7b7d69735f6564756b61746f727c733a313a2231223b6c61796f75747c733a343a226c697374223b757365725f69647c733a313a2231223b726f6c655f69647c733a313a2231223b726f6c657c733a353a2241646d696e223b6e616d657c733a31343a224f67757275204f6666696369616c223b61646d696e5f6c6f67696e7c733a313a2231223b),
('7257p67vjvmi282t5vcohr7tqh5utge3', '36.81.159.196', 1603764142, 0x5f5f63695f6c6173745f726567656e65726174657c693a313630333736343134323b636172745f6974656d737c613a303a7b7d6c61796f75747c733a343a226c697374223b),
('v85aefqhbetu4vctma22nvnhi68qoldo', '54.36.148.95', 1603763891, 0x5f5f63695f6c6173745f726567656e65726174657c693a313630333736333839313b636172745f6974656d737c613a303a7b7d6c61796f75747c733a343a226c697374223b),
('jn504cfokssr4psi6igv9bongd6r4qhl', '36.81.159.196', 1603764580, 0x5f5f63695f6c6173745f726567656e65726174657c693a313630333736343538303b636172745f6974656d737c613a303a7b7d6c61796f75747c733a343a226c697374223b),
('6ub736s542l56ceq99rjulg0m3blfjg4', '120.188.75.135', 1603766954, 0x5f5f63695f6c6173745f726567656e65726174657c693a313630333736363935343b636172745f6974656d737c613a303a7b7d69735f6564756b61746f727c733a313a2231223b6c61796f75747c733a343a226c697374223b757365725f69647c733a313a2236223b726f6c655f69647c733a313a2232223b726f6c657c733a343a2255736572223b6e616d657c733a383a225269616e20447769223b61646d696e5f6c6f67696e7c733a313a2231223b757365725f6c6f67696e7c733a313a2231223b),
('nnc9ulnutvfo5rp5rv915frgmjr5npm6', '36.81.159.196', 1603764773, 0x5f5f63695f6c6173745f726567656e65726174657c693a313630333736343538303b636172745f6974656d737c613a303a7b7d6c61796f75747c733a343a226c697374223b),
('q7ip9ve8p3q1bnqtsvga1q0cci0dm5h5', '54.36.148.95', 1603766373, 0x5f5f63695f6c6173745f726567656e65726174657c693a313630333736363337333b636172745f6974656d737c613a303a7b7d6c61796f75747c733a343a226c697374223b),
('8coise8qpins90pjusrmisim8vqv0uil', '120.188.79.46', 1603767879, 0x5f5f63695f6c6173745f726567656e65726174657c693a313630333736373837393b636172745f6974656d737c613a303a7b7d69735f6564756b61746f727c733a313a2231223b6c61796f75747c733a343a226c697374223b757365725f69647c733a313a2231223b726f6c655f69647c733a313a2231223b726f6c657c733a353a2241646d696e223b6e616d657c733a31343a224f67757275204f6666696369616c223b61646d696e5f6c6f67696e7c733a313a2231223b666c6173685f6d6573736167657c733a32333a2253797374656d2053657474696e67732055706461746564223b5f5f63695f766172737c613a313a7b733a31333a22666c6173685f6d657373616765223b733a333a226f6c64223b7d),
('17eh15anin62o9gk1elsueee1qps93qc', '120.188.79.46', 1603770122, 0x5f5f63695f6c6173745f726567656e65726174657c693a313630333737303132323b636172745f6974656d737c613a303a7b7d69735f6564756b61746f727c733a313a2231223b6c61796f75747c733a343a226c697374223b757365725f69647c733a313a2231223b726f6c655f69647c733a313a2231223b726f6c657c733a353a2241646d696e223b6e616d657c733a31343a224f67757275204f6666696369616c223b61646d696e5f6c6f67696e7c733a313a2231223b),
('56frle0hqq15sst35ffbhnmeklmrrgj4', '54.36.148.249', 1603768887, 0x5f5f63695f6c6173745f726567656e65726174657c693a313630333736383838373b636172745f6974656d737c613a303a7b7d),
('90mk2pqeaegqr5klfdpv8ftnjg959j2u', '36.68.223.42', 1603770179, 0x5f5f63695f6c6173745f726567656e65726174657c693a313630333737303137393b636172745f6974656d737c613a303a7b7d6c61796f75747c733a343a226c697374223b69735f6564756b61746f727c733a313a2231223b6572726f725f6d6573736167657c733a32313a22456d61696c20537564616820546572646166746172223b5f5f63695f766172737c613a313a7b733a31333a226572726f725f6d657373616765223b733a333a226f6c64223b7d),
('3rana94bucom6c24khjrav81foj04mju', '120.188.79.46', 1603770489, 0x5f5f63695f6c6173745f726567656e65726174657c693a313630333737303438393b636172745f6974656d737c613a303a7b7d69735f6564756b61746f727c733a313a2231223b6c61796f75747c733a343a226c697374223b666c6173685f6d6573736167657c733a36363a2250656e646166746172616e20426572686173696c2e2043656b20456d61696c20416e646120556e74756b205665726966696b6173692050656e646166746172616e2e223b5f5f63695f766172737c613a313a7b733a31333a22666c6173685f6d657373616765223b733a333a226f6c64223b7d),
('fdgpo9933j7qma1n4cbl5k1olminmem4', '36.68.223.42', 1603770201, 0x5f5f63695f6c6173745f726567656e65726174657c693a313630333737303137393b636172745f6974656d737c613a303a7b7d6c61796f75747c733a343a226c697374223b69735f6564756b61746f727c733a313a2231223b6572726f725f6d6573736167657c733a32303a22416b756e20546964616b20546572646166746172223b5f5f63695f766172737c613a313a7b733a31333a226572726f725f6d657373616765223b733a333a226f6c64223b7d),
('vmctiavg2870btu9p0ocasu4aa4cgf70', '120.188.79.46', 1603770826, 0x5f5f63695f6c6173745f726567656e65726174657c693a313630333737303832363b636172745f6974656d737c613a303a7b7d69735f6564756b61746f727c733a313a2231223b6c61796f75747c733a343a226c697374223b666c6173685f6d6573736167657c733a36363a2250656e646166746172616e20426572686173696c2e2043656b20456d61696c20416e646120556e74756b205665726966696b6173692050656e646166746172616e2e223b5f5f63695f766172737c613a313a7b733a31333a22666c6173685f6d657373616765223b733a333a226f6c64223b7d),
('a3gboo9ti99rql81svn6cfdva5qo2c5b', '103.144.146.22', 1603770930, 0x5f5f63695f6c6173745f726567656e65726174657c693a313630333737303933303b636172745f6974656d737c613a303a7b7d757365725f69647c733a313a2231223b726f6c655f69647c733a313a2231223b726f6c657c733a353a2241646d696e223b6e616d657c733a31343a224f67757275204f6666696369616c223b69735f6564756b61746f727c733a313a2231223b61646d696e5f6c6f67696e7c733a313a2231223b),
('l8qqeek230bdf32ne07luljt2vv0fe8c', '36.78.104.204', 1603770912, 0x5f5f63695f6c6173745f726567656e65726174657c693a313630333737303931323b636172745f6974656d737c613a303a7b7d757365725f69647c733a313a2231223b726f6c655f69647c733a313a2231223b726f6c657c733a353a2241646d696e223b6e616d657c733a31343a224f67757275204f6666696369616c223b69735f6564756b61746f727c733a313a2231223b61646d696e5f6c6f67696e7c733a313a2231223b666c6173685f6d6573736167657c733a32353a2246726f6e74656e642053657474696e67732055706461746564223b5f5f63695f766172737c613a313a7b733a31333a22666c6173685f6d657373616765223b733a333a226f6c64223b7d),
('aq8sgq62nr335f0estln3ne6tqnhjn8t', '101.50.1.12', 1603770814, 0x5f5f63695f6c6173745f726567656e65726174657c693a313630333737303831343b636172745f6974656d737c613a303a7b7d),
('cp8d8g4df0o4i2m1uf83c6uok820f4ub', '120.188.79.46', 1603771696, 0x5f5f63695f6c6173745f726567656e65726174657c693a313630333737313639363b636172745f6974656d737c613a303a7b7d69735f6564756b61746f727c733a313a2231223b6c61796f75747c733a343a226c697374223b6572726f725f6d6573736167657c733a32313a22456d61696c20537564616820546572646166746172223b5f5f63695f766172737c613a313a7b733a31333a226572726f725f6d657373616765223b733a333a226f6c64223b7d),
('0ker6uni6jcmrstndnfb540gbi9r9buv', '36.78.104.204', 1603771287, 0x5f5f63695f6c6173745f726567656e65726174657c693a313630333737313238373b636172745f6974656d737c613a303a7b7d757365725f69647c733a313a2231223b726f6c655f69647c733a313a2231223b726f6c657c733a353a2241646d696e223b6e616d657c733a31343a224f67757275204f6666696369616c223b69735f6564756b61746f727c733a313a2231223b61646d696e5f6c6f67696e7c733a313a2231223b),
('nq2f7a2f8a8g0c8g9cenpckf4q6haia8', '103.144.146.22', 1603771566, 0x5f5f63695f6c6173745f726567656e65726174657c693a313630333737313536363b636172745f6974656d737c613a303a7b7d757365725f69647c733a313a2231223b726f6c655f69647c733a313a2231223b726f6c657c733a353a2241646d696e223b6e616d657c733a31343a224f67757275204f6666696369616c223b69735f6564756b61746f727c733a313a2231223b61646d696e5f6c6f67696e7c733a313a2231223b),
('diboc1dp1cjo3qd2tk26s7ic4f3ma6bs', '36.78.104.204', 1603771773, 0x5f5f63695f6c6173745f726567656e65726174657c693a313630333737313737333b636172745f6974656d737c613a303a7b7d757365725f69647c733a313a2231223b726f6c655f69647c733a313a2231223b726f6c657c733a353a2241646d696e223b6e616d657c733a31343a224f67757275204f6666696369616c223b69735f6564756b61746f727c733a313a2231223b61646d696e5f6c6f67696e7c733a313a2231223b),
('kiv492lfdba4kr40g5p54qctfhtigc8q', '54.36.149.32', 1603771374, 0x5f5f63695f6c6173745f726567656e65726174657c693a313630333737313337343b636172745f6974656d737c613a303a7b7d6c61796f75747c733a343a226c697374223b),
('000soosjh2dapc48ml683ddps0v7vqk1', '103.249.65.6', 1603771490, 0x5f5f63695f6c6173745f726567656e65726174657c693a313630333737313439303b636172745f6974656d737c613a303a7b7d),
('2jgcpapane4j7ludro4s63o5b8ec3c5r', '103.144.146.22', 1603771566, 0x5f5f63695f6c6173745f726567656e65726174657c693a313630333737313536363b636172745f6974656d737c613a303a7b7d757365725f69647c733a313a2231223b726f6c655f69647c733a313a2231223b726f6c657c733a353a2241646d696e223b6e616d657c733a31343a224f67757275204f6666696369616c223b69735f6564756b61746f727c733a313a2231223b61646d696e5f6c6f67696e7c733a313a2231223b),
('g6htn1dnl0j4l5l7tlquj7772j4jbdpc', '114.5.105.82', 1603772383, 0x5f5f63695f6c6173745f726567656e65726174657c693a313630333737323338333b636172745f6974656d737c613a303a7b7d69735f6564756b61746f727c733a313a2231223b6c61796f75747c733a343a226c697374223b),
('lj9bei5anobekjgq196i904pe9aor6qg', '36.78.104.204', 1603772085, 0x5f5f63695f6c6173745f726567656e65726174657c693a313630333737323038353b636172745f6974656d737c613a303a7b7d757365725f69647c733a313a2231223b726f6c655f69647c733a313a2231223b726f6c657c733a353a2241646d696e223b6e616d657c733a31343a224f67757275204f6666696369616c223b69735f6564756b61746f727c733a313a2231223b61646d696e5f6c6f67696e7c733a313a2231223b),
('t517rior1vqn89gi2qa4732pll1atpfi', '36.78.104.204', 1603772598, 0x5f5f63695f6c6173745f726567656e65726174657c693a313630333737323539383b636172745f6974656d737c613a303a7b7d757365725f69647c733a313a2231223b726f6c655f69647c733a313a2231223b726f6c657c733a353a2241646d696e223b6e616d657c733a31343a224f67757275204f6666696369616c223b69735f6564756b61746f727c733a313a2231223b61646d696e5f6c6f67696e7c733a313a2231223b),
('n0gepqj75q59v0av26fena9qg2gud9hl', '101.50.1.12', 1603772238, 0x5f5f63695f6c6173745f726567656e65726174657c693a313630333737323233383b636172745f6974656d737c613a303a7b7d),
('sv5ot6k28k5u0atuuspot66t2r8jcl3q', '120.188.73.203', 1603773973, 0x5f5f63695f6c6173745f726567656e65726174657c693a313630333737333937333b636172745f6974656d737c613a303a7b7d69735f6564756b61746f727c733a313a2231223b6c61796f75747c733a343a226c697374223b666c6173685f6d6573736167657c733a32303a2250656e646166746172616e20426572686173696c223b5f5f63695f766172737c613a313a7b733a31333a22666c6173685f6d657373616765223b733a333a226f6c64223b7d),
('p8fb7fiac5nlodlma2agjk2dci7tjicn', '36.78.104.204', 1603774077, 0x5f5f63695f6c6173745f726567656e65726174657c693a313630333737343037373b636172745f6974656d737c613a303a7b7d757365725f69647c733a313a2231223b726f6c655f69647c733a313a2231223b726f6c657c733a353a2241646d696e223b6e616d657c733a31343a224f67757275204f6666696369616c223b69735f6564756b61746f727c733a313a2231223b61646d696e5f6c6f67696e7c733a313a2231223b),
('np2nql65bc69378hd21g7a0f3ivcjl4b', '54.36.148.95', 1603773808, 0x5f5f63695f6c6173745f726567656e65726174657c693a313630333737333830383b636172745f6974656d737c613a303a7b7d),
('61oj2b15j2pi1vdok3mcjppvsm1a1hf9', '114.5.102.124', 1603773982, 0x5f5f63695f6c6173745f726567656e65726174657c693a313630333737333937333b636172745f6974656d737c613a303a7b7d69735f6564756b61746f727c733a313a2231223b6c61796f75747c733a343a226c697374223b),
('fan1stb78pc66rmi508ssfteubfl1c72', '36.78.104.204', 1603774546, 0x5f5f63695f6c6173745f726567656e65726174657c693a313630333737343534363b636172745f6974656d737c613a303a7b7d757365725f69647c733a313a2231223b726f6c655f69647c733a313a2231223b726f6c657c733a353a2241646d696e223b6e616d657c733a31343a224f67757275204f6666696369616c223b69735f6564756b61746f727c733a313a2231223b61646d696e5f6c6f67696e7c733a313a2231223b),
('umi4k9rebftopjt12jsspitqhfinmfgc', '36.78.104.204', 1603775018, 0x5f5f63695f6c6173745f726567656e65726174657c693a313630333737353031383b636172745f6974656d737c613a303a7b7d757365725f69647c733a313a2231223b726f6c655f69647c733a313a2231223b726f6c657c733a353a2241646d696e223b6e616d657c733a31343a224f67757275204f6666696369616c223b69735f6564756b61746f727c733a313a2231223b61646d696e5f6c6f67696e7c733a313a2231223b),
('70r11oh157sn9tlb1mjjig50ftjb9f5j', '36.78.104.204', 1603775326, 0x5f5f63695f6c6173745f726567656e65726174657c693a313630333737353332363b636172745f6974656d737c613a303a7b7d757365725f69647c733a313a2231223b726f6c655f69647c733a313a2231223b726f6c657c733a353a2241646d696e223b6e616d657c733a31343a224f67757275204f6666696369616c223b69735f6564756b61746f727c733a313a2231223b61646d696e5f6c6f67696e7c733a313a2231223b),
('m25qs8lffo21jami0gj3bbl9gr4il38l', '36.78.104.204', 1603775350, 0x5f5f63695f6c6173745f726567656e65726174657c693a313630333737353332363b636172745f6974656d737c613a303a7b7d69735f6564756b61746f727c733a313a2231223b),
('pccv6q2k189uhcj0813lj3uc72efbb17', '54.36.148.243', 1603776234, 0x5f5f63695f6c6173745f726567656e65726174657c693a313630333737363233343b636172745f6974656d737c613a303a7b7d),
('rp2ker05ltkteg5jni2f3ackv9jb7l8s', '114.79.22.122', 1603776523, 0x5f5f63695f6c6173745f726567656e65726174657c693a313630333737363530383b636172745f6974656d737c613a303a7b7d),
('6oi7ugla4lr1ilna5do6t3qa0ab21r7i', '54.36.148.203', 1603778636, 0x5f5f63695f6c6173745f726567656e65726174657c693a313630333737383633363b636172745f6974656d737c613a303a7b7d6c61796f75747c733a343a226c697374223b),
('u5nchs7edtili1lkgpav8edvdad2oac5', '54.36.149.38', 1603781072, 0x5f5f63695f6c6173745f726567656e65726174657c693a313630333738313037323b636172745f6974656d737c613a303a7b7d6c61796f75747c733a343a226c697374223b),
('o017ek4adbq69udqp7821lmo2n55a4id', '54.36.148.95', 1603783574, 0x5f5f63695f6c6173745f726567656e65726174657c693a313630333738333537343b636172745f6974656d737c613a303a7b7d6c61796f75747c733a343a226c697374223b),
('801na1pv06d4tcqg7q7lqvlhvkqcvjfk', '54.36.148.95', 1603791758, 0x5f5f63695f6c6173745f726567656e65726174657c693a313630333739313735383b636172745f6974656d737c613a303a7b7d6c61796f75747c733a343a226c697374223b),
('sfqdrb71jmim5ojem85msc3b449sfimm', '54.36.148.95', 1603794179, 0x5f5f63695f6c6173745f726567656e65726174657c693a313630333739343137383b636172745f6974656d737c613a303a7b7d6c61796f75747c733a343a226c697374223b),
('lrfph7rdum2s6ici8sfeurffvo10rdi6', '54.36.148.177', 1603796546, 0x5f5f63695f6c6173745f726567656e65726174657c693a313630333739363534363b636172745f6974656d737c613a303a7b7d6c61796f75747c733a343a226c697374223b),
('fdejv7nu6kk83affg2q5807902hidtf8', '54.36.148.123', 1603798983, 0x5f5f63695f6c6173745f726567656e65726174657c693a313630333739383938333b636172745f6974656d737c613a303a7b7d),
('sm3bo858tv8t7fmeio88505bcuggtt8v', '54.36.148.95', 1603801365, 0x5f5f63695f6c6173745f726567656e65726174657c693a313630333830313336353b636172745f6974656d737c613a303a7b7d),
('73q7ge59ridb3ccptqhkrfa52pq9uapq', '54.36.148.95', 1603803717, 0x5f5f63695f6c6173745f726567656e65726174657c693a313630333830333731373b636172745f6974656d737c613a303a7b7d),
('524ecd2q5a620dnredg0l6f4634v35or', '54.36.148.44', 1603806096, 0x5f5f63695f6c6173745f726567656e65726174657c693a313630333830363039363b636172745f6974656d737c613a303a7b7d),
('jkb56k39tqib4ki0r388kjvd7l6onenk', '54.36.148.248', 1603809037, 0x5f5f63695f6c6173745f726567656e65726174657c693a313630333830393033373b636172745f6974656d737c613a303a7b7d),
('ipbv3vf5a944ok10t937p94iopoa149u', '54.36.148.95', 1603811893, 0x5f5f63695f6c6173745f726567656e65726174657c693a313630333831313839333b636172745f6974656d737c613a303a7b7d),
('rdfon8p0fuol7pv9eap3nls9k51o5cer', '54.36.148.95', 1603814829, 0x5f5f63695f6c6173745f726567656e65726174657c693a313630333831343832393b636172745f6974656d737c613a303a7b7d),
('imik84ubi8l8eiafarip4ssli2f380bc', '54.36.149.54', 1603823610, 0x5f5f63695f6c6173745f726567656e65726174657c693a313630333832333631303b636172745f6974656d737c613a303a7b7d6c61796f75747c733a343a226c697374223b),
('m7f2l2faofsvegog0bc0eiqlmdu2spr2', '54.36.149.31', 1603826367, 0x5f5f63695f6c6173745f726567656e65726174657c693a313630333832363336373b636172745f6974656d737c613a303a7b7d6c61796f75747c733a343a226c697374223b),
('rfh5t06qdmgv66mfs6bqhfcfulepeg8a', '54.36.148.92', 1603829341, 0x5f5f63695f6c6173745f726567656e65726174657c693a313630333832393334313b636172745f6974656d737c613a303a7b7d),
('ji730dkgff40skj9kek63vl34rsnb26n', '54.36.148.92', 1603835132, 0x5f5f63695f6c6173745f726567656e65726174657c693a313630333833353133323b636172745f6974656d737c613a303a7b7d),
('dq8trr4qg6qvermfbmmrrpn3hpo263d7', '54.36.148.92', 1603837849, 0x5f5f63695f6c6173745f726567656e65726174657c693a313630333833373834393b636172745f6974656d737c613a303a7b7d),
('5tgeed01pk5cdo5ik6cu81ftpg16p980', '54.36.148.102', 1603846077, 0x5f5f63695f6c6173745f726567656e65726174657c693a313630333834363037373b636172745f6974656d737c613a303a7b7d),
('jenjd51gjcbuq11dpjuje0tus9hivtqr', '54.36.148.202', 1603848692, 0x5f5f63695f6c6173745f726567656e65726174657c693a313630333834383639313b636172745f6974656d737c613a303a7b7d),
('4q68geasvoie9t20lu67j6bu7vporpku', '54.36.148.49', 1603851234, 0x5f5f63695f6c6173745f726567656e65726174657c693a313630333835313233343b636172745f6974656d737c613a303a7b7d),
('82or3m6m9cggtdkulh3la62p669c3bmc', '54.36.149.73', 1603853762, 0x5f5f63695f6c6173745f726567656e65726174657c693a313630333835333736323b636172745f6974656d737c613a303a7b7d),
('90gscf3i016fv3dv52cbkdblhbh88j03', '54.36.149.12', 1603859255, 0x5f5f63695f6c6173745f726567656e65726174657c693a313630333835393235343b636172745f6974656d737c613a303a7b7d),
('9i9g6lcbqojse1avdksl7q45k0t3mkd3', '54.36.148.38', 1603867674, 0x5f5f63695f6c6173745f726567656e65726174657c693a313630333836373637343b636172745f6974656d737c613a303a7b7d),
('29ifgojsaqgr2d9rfhcr9beabsihgq1h', '101.50.1.12', 1603867988, 0x5f5f63695f6c6173745f726567656e65726174657c693a313630333836373938383b636172745f6974656d737c613a303a7b7d),
('pfhogbalv8ij6qmkqut1drurkfjpbu88', '101.50.1.12', 1603867988, 0x5f5f63695f6c6173745f726567656e65726174657c693a313630333836373938383b636172745f6974656d737c613a303a7b7d),
('k6q9rd5l910ofc8t9e53mgcvvlhqqcl5', '36.81.195.4', 1603869846, 0x5f5f63695f6c6173745f726567656e65726174657c693a313630333836393737313b636172745f6974656d737c613a303a7b7d6c61796f75747c733a343a226c697374223b),
('t5psf728pg1nev8lsd3flbiqrkblsdg8', '36.74.177.219', 1603879007, 0x5f5f63695f6c6173745f726567656e65726174657c693a313630333837383938393b636172745f6974656d737c613a303a7b7d),
('j72ginkkgav0eq9ko2p1r3rjucm7dat6', '182.1.72.67', 1603893945, 0x5f5f63695f6c6173745f726567656e65726174657c693a313630333839333934353b636172745f6974656d737c613a303a7b7d),
('tdr3ub1q68fk5b66ej7kuppdk5vr6iuj', '36.74.177.219', 1603893979, 0x5f5f63695f6c6173745f726567656e65726174657c693a313630333839333937393b636172745f6974656d737c613a303a7b7d),
('d83qk0293knunsm2osicqv8vgldf5ke6', '36.74.177.219', 1603894313, 0x5f5f63695f6c6173745f726567656e65726174657c693a313630333839343331333b636172745f6974656d737c613a303a7b7d6c61796f75747c733a343a226c697374223b),
('g63rksnfmkltom0tf08q9si410sj8k14', '36.74.177.219', 1603896469, 0x5f5f63695f6c6173745f726567656e65726174657c693a313630333839363436393b636172745f6974656d737c613a303a7b7d6c61796f75747c733a343a226c697374223b),
('psl7ad16nte5273okvm4k7u74dj2g3aj', '114.5.241.249', 1603900007, 0x5f5f63695f6c6173745f726567656e65726174657c693a313630333930303030373b636172745f6974656d737c613a303a7b7d6c61796f75747c733a343a226c697374223b),
('2bvg4dfqktiis3ore3ae2hvgv310ddj1', '114.5.241.249', 1603895342, 0x5f5f63695f6c6173745f726567656e65726174657c693a313630333839353334323b636172745f6974656d737c613a303a7b7d),
('jcrm58eofblrsks3ic49eg3e0dvffnp6', '101.50.1.12', 1603895639, 0x5f5f63695f6c6173745f726567656e65726174657c693a313630333839353633393b636172745f6974656d737c613a303a7b7d),
('o56kp9qiiooo3liv15j38er4gn522egu', '101.50.1.12', 1603895640, 0x5f5f63695f6c6173745f726567656e65726174657c693a313630333839353634303b636172745f6974656d737c613a303a7b7d),
('hbmh68sb16vu8sdscr180iah5v6houel', '101.50.1.12', 1603895642, 0x5f5f63695f6c6173745f726567656e65726174657c693a313630333839353634313b636172745f6974656d737c613a303a7b7d),
('783179f26jphj5f34p41rm2jg1vnns1o', '101.50.1.12', 1603895643, 0x5f5f63695f6c6173745f726567656e65726174657c693a313630333839353634333b636172745f6974656d737c613a303a7b7d),
('i9c2gb3m8rpitbqegpg320kf0uuv480r', '36.74.177.219', 1603896469, 0x5f5f63695f6c6173745f726567656e65726174657c693a313630333839363436393b636172745f6974656d737c613a303a7b7d6c61796f75747c733a343a226c697374223b),
('10qpqmf55a2bvmbh2mvqdqbltcg399gr', '140.213.57.149', 1603897451, 0x5f5f63695f6c6173745f726567656e65726174657c693a313630333839373232373b636172745f6974656d737c613a303a7b7d6c61796f75747c733a343a226c697374223b),
('f1737d10ujb1ni7vflidn92ekeiccgka', '101.50.1.12', 1603899128, 0x5f5f63695f6c6173745f726567656e65726174657c693a313630333839393132383b636172745f6974656d737c613a303a7b7d),
('0n8g8f1aep90ioh5iimdeg7jtlle8oki', '114.5.241.249', 1603900007, 0x5f5f63695f6c6173745f726567656e65726174657c693a313630333930303030373b636172745f6974656d737c613a303a7b7d6c61796f75747c733a343a226c697374223b),
('5hppve8ret4641d1ajkjepckkdrvu230', '36.84.39.1', 1603900537, 0x5f5f63695f6c6173745f726567656e65726174657c693a313630333930303439323b636172745f6974656d737c613a303a7b7d),
('4d9vtt4j1krojsu17jbm2mfk13l6l1gg', '120.188.86.4', 1603922766, 0x5f5f63695f6c6173745f726567656e65726174657c693a313630333932323736363b636172745f6974656d737c613a303a7b7d),
('6urb8kiv2obo01c9lkugqcha8vojec5b', '101.50.1.12', 1603924083, 0x5f5f63695f6c6173745f726567656e65726174657c693a313630333932343038333b636172745f6974656d737c613a303a7b7d),
('u742pk8jkill1rcajmbdt0it2kfl7cvu', '101.50.1.12', 1603928617, 0x5f5f63695f6c6173745f726567656e65726174657c693a313630333932383631373b636172745f6974656d737c613a303a7b7d),
('mifmig0dmoa25p6usfold6hj65rda3t7', '36.81.195.4', 1603936517, 0x5f5f63695f6c6173745f726567656e65726174657c693a313630333933363531373b636172745f6974656d737c613a303a7b7d),
('amquo5f4110f02qq7001kck13q7v93bb', '36.81.195.4', 1603936949, 0x5f5f63695f6c6173745f726567656e65726174657c693a313630333933363934393b636172745f6974656d737c613a303a7b7d),
('hulodutnjja1pvvc83pm2o3mibip03hs', '36.81.195.4', 1603937369, 0x5f5f63695f6c6173745f726567656e65726174657c693a313630333933373336393b636172745f6974656d737c613a303a7b7d6c61796f75747c733a343a226c697374223b),
('qi330j9ftrart8ov6rp5uv6h3csmkaf9', '36.81.195.4', 1603937973, 0x5f5f63695f6c6173745f726567656e65726174657c693a313630333933373937333b636172745f6974656d737c613a303a7b7d6c61796f75747c733a343a226c697374223b),
('ju7s2h8gnqriler7or22ckgel5dkkjoo', '36.81.195.4', 1603938470, 0x5f5f63695f6c6173745f726567656e65726174657c693a313630333933383437303b636172745f6974656d737c613a303a7b7d6c61796f75747c733a343a2267726964223b),
('a02ngs0ph4eokdt69fgjinuql4ranqlj', '36.81.195.4', 1603939133, 0x5f5f63695f6c6173745f726567656e65726174657c693a313630333933393133333b636172745f6974656d737c613a303a7b7d6c61796f75747c733a343a226c697374223b),
('tknqplsn85i8s3j5tjk9alus82k5ktad', '120.188.85.191', 1603938530, 0x5f5f63695f6c6173745f726567656e65726174657c693a313630333933383533303b636172745f6974656d737c613a303a7b7d),
('io66prl8ot3ob8i40611kn8lnvo7s296', '36.81.195.4', 1603940763, 0x5f5f63695f6c6173745f726567656e65726174657c693a313630333934303736333b636172745f6974656d737c613a303a7b7d6c61796f75747c733a343a226c697374223b),
('7qm01e22f0h0bd7u5g21rpo7sffn5fgd', '36.81.195.4', 1603942020, 0x5f5f63695f6c6173745f726567656e65726174657c693a313630333934323032303b636172745f6974656d737c613a303a7b7d6c61796f75747c733a343a226c697374223b),
('6s4l11fh4iak15096pkeo5r1ol0cakic', '36.81.195.4', 1603942407, 0x5f5f63695f6c6173745f726567656e65726174657c693a313630333934323430373b636172745f6974656d737c613a303a7b7d6c61796f75747c733a343a226c697374223b),
('4va5u1016e2mb37vp1eu4vmi2p3j3vah', '101.50.1.12', 1603942318, 0x5f5f63695f6c6173745f726567656e65726174657c693a313630333934323331383b636172745f6974656d737c613a303a7b7d),
('0llmqvblmqsja74f0ppae1c0fp08nl1r', '36.81.195.4', 1603942423, 0x5f5f63695f6c6173745f726567656e65726174657c693a313630333934323430373b636172745f6974656d737c613a303a7b7d6c61796f75747c733a343a2267726964223b),
('91rll0npgl8o4ja0ktfti1fn05qmki3c', '36.81.195.4', 1603942760, 0x5f5f63695f6c6173745f726567656e65726174657c693a313630333934323736303b636172745f6974656d737c613a303a7b7d6c61796f75747c733a343a2267726964223b757365725f69647c733a313a2236223b726f6c655f69647c733a313a2232223b726f6c657c733a343a2255736572223b6e616d657c733a383a225269616e20447769223b69735f6564756b61746f727c733a313a2231223b666c6173685f6d6573736167657c733a32333a2253656c616d617420446174616e67205269616e20447769223b5f5f63695f766172737c613a313a7b733a31333a22666c6173685f6d657373616765223b733a333a226f6c64223b7d757365725f6c6f67696e7c733a313a2231223b),
('eke64fmf6nnn4un2insnivtb0j2ef78a', '36.81.195.4', 1603945996, 0x5f5f63695f6c6173745f726567656e65726174657c693a313630333934353939363b636172745f6974656d737c613a303a7b7d6c61796f75747c733a343a2267726964223b757365725f69647c733a313a2236223b726f6c655f69647c733a313a2232223b726f6c657c733a343a2255736572223b6e616d657c733a383a225269616e20447769223b69735f6564756b61746f727c733a313a2231223b757365725f6c6f67696e7c733a313a2231223b),
('7kqqebt82g0nvsp0apt21j1qqa7cn34o', '36.81.195.4', 1603945996, 0x5f5f63695f6c6173745f726567656e65726174657c693a313630333934353939363b636172745f6974656d737c613a303a7b7d6c61796f75747c733a343a2267726964223b757365725f69647c733a313a2236223b726f6c655f69647c733a313a2232223b726f6c657c733a343a2255736572223b6e616d657c733a383a225269616e20447769223b69735f6564756b61746f727c733a313a2231223b757365725f6c6f67696e7c733a313a2231223b),
('rbm25rlp760babmolfoi0egg2fpt6ekm', '120.188.85.191', 1603946714, 0x5f5f63695f6c6173745f726567656e65726174657c693a313630333934363731343b636172745f6974656d737c613a303a7b7d),
('8qfl56u0bnh3a9n7k3qoc1fc7cfvbopd', '36.74.177.219', 1603968345, 0x5f5f63695f6c6173745f726567656e65726174657c693a313630333936383334353b636172745f6974656d737c613a303a7b7d),
('rcmfivjq654fi29viie9mhpirfte8bhq', '114.79.17.230', 1603968345, 0x5f5f63695f6c6173745f726567656e65726174657c693a313630333936383334353b636172745f6974656d737c613a303a7b7d),
('4fj3vof16e89t5ns6nlrd11g2cu3qill', '101.50.1.12', 1603978169, 0x5f5f63695f6c6173745f726567656e65726174657c693a313630333937383037373b636172745f6974656d737c613a303a7b7d757365725f69647c733a313a2236223b726f6c655f69647c733a313a2232223b726f6c657c733a343a2255736572223b6e616d657c733a383a225269616e20447769223b69735f6564756b61746f727c733a313a2231223b757365725f6c6f67696e7c733a313a2231223b),
('kn2hc7vh0hucvm2c5hoithqg2gf8v3d6', '120.188.76.231', 1603991904, 0x5f5f63695f6c6173745f726567656e65726174657c693a313630333939313837333b636172745f6974656d737c613a303a7b7d),
('qdfnobfctght69bfng2b6mcpl9om71tp', '::1', 1603993180, 0x5f5f63695f6c6173745f726567656e65726174657c693a313630333939333138303b636172745f6974656d737c613a303a7b7d757365725f69647c733a313a2236223b726f6c655f69647c733a313a2232223b726f6c657c733a343a2255736572223b6e616d657c733a383a225269616e20447769223b69735f6564756b61746f727c733a313a2231223b757365725f6c6f67696e7c733a313a2231223b),
('pu442hctlvipd8cc3ifk2gt7afaio8am', '::1', 1603993679, 0x5f5f63695f6c6173745f726567656e65726174657c693a313630333939333637393b636172745f6974656d737c613a303a7b7d757365725f69647c733a313a2236223b726f6c655f69647c733a313a2232223b726f6c657c733a343a2255736572223b6e616d657c733a383a225269616e20447769223b69735f6564756b61746f727c733a313a2231223b757365725f6c6f67696e7c733a313a2231223b),
('2j3jdgdn5gldc1l5m135a0j77kdhrbuo', '::1', 1603993997, 0x5f5f63695f6c6173745f726567656e65726174657c693a313630333939333939373b636172745f6974656d737c613a303a7b7d69735f6564756b61746f727c733a313a2231223b757365725f69647c733a313a2231223b726f6c655f69647c733a313a2231223b726f6c657c733a353a2241646d696e223b6e616d657c733a31343a224f67757275204f6666696369616c223b61646d696e5f6c6f67696e7c733a313a2231223b),
('6gdu0l4uj3qo71l4qj1gg4ieelm6g94t', '::1', 1603994331, 0x5f5f63695f6c6173745f726567656e65726174657c693a313630333939343333313b636172745f6974656d737c613a303a7b7d69735f6564756b61746f727c733a313a2231223b757365725f69647c733a323a223431223b726f6c655f69647c733a313a2232223b726f6c657c733a343a2255736572223b6e616d657c733a33373a224665627279616e7361682047696c616e6720417269732050726164616e612c20532e50642e223b757365725f6c6f67696e7c733a313a2231223b6c61796f75747c733a343a226c697374223b),
('ntq4kdkr4aj9nq0a32qv0nlsprfpd0k3', '::1', 1603994765, 0x5f5f63695f6c6173745f726567656e65726174657c693a313630333939343736353b636172745f6974656d737c613a303a7b7d69735f6564756b61746f727c733a313a2231223b757365725f69647c733a323a223431223b726f6c655f69647c733a313a2232223b726f6c657c733a343a2255736572223b6e616d657c733a33373a224665627279616e7361682047696c616e6720417269732050726164616e612c20532e50642e223b757365725f6c6f67696e7c733a313a2231223b6c61796f75747c733a343a226c697374223b),
('rav5o3jmqsr7hshf6v1hkkb1rhq6vnbk', '::1', 1603995078, 0x5f5f63695f6c6173745f726567656e65726174657c693a313630333939353037383b636172745f6974656d737c613a303a7b7d69735f6564756b61746f727c733a313a2231223b757365725f69647c733a323a223431223b726f6c655f69647c733a313a2232223b726f6c657c733a343a2255736572223b6e616d657c733a33373a224665627279616e7361682047696c616e6720417269732050726164616e612c20532e50642e223b757365725f6c6f67696e7c733a313a2231223b6c61796f75747c733a343a226c697374223b),
('n8jcinplfede4r12m8pqvso0j30vj3vb', '::1', 1603995390, 0x5f5f63695f6c6173745f726567656e65726174657c693a313630333939353339303b636172745f6974656d737c613a303a7b7d69735f6564756b61746f727c733a313a2231223b757365725f69647c733a323a223431223b726f6c655f69647c733a313a2232223b726f6c657c733a343a2255736572223b6e616d657c733a33373a224665627279616e7361682047696c616e6720417269732050726164616e612c20532e50642e223b757365725f6c6f67696e7c733a313a2231223b6c61796f75747c733a343a226c697374223b),
('7em76afdjc5lo2b63oeflt1jq0cliibe', '::1', 1603995696, 0x5f5f63695f6c6173745f726567656e65726174657c693a313630333939353639363b636172745f6974656d737c613a303a7b7d69735f6564756b61746f727c733a313a2231223b6c61796f75747c733a343a226c697374223b757365725f69647c733a323a223338223b726f6c655f69647c733a313a2232223b726f6c657c733a343a2255736572223b6e616d657c733a32303a22497a7a61204d696c656e69612041726979617469223b757365725f6c6f67696e7c733a313a2231223b),
('p5gcs01k2cduic2fpbqlte9o94nup7tl', '::1', 1603995784, 0x5f5f63695f6c6173745f726567656e65726174657c693a313630333939353639363b636172745f6974656d737c613a303a7b7d69735f6564756b61746f727c733a313a2231223b6c61796f75747c733a343a226c697374223b),
('9ca37uk87sba3bvnsnd03aa8g8toeqgs', '::1', 1604024338, 0x5f5f63695f6c6173745f726567656e65726174657c693a313630343032343333383b757365725f69647c733a313a2236223b726f6c655f69647c733a313a2232223b726f6c657c733a343a2255736572223b6e616d657c733a383a225269616e20447769223b69735f6564756b61746f727c733a313a2231223b757365725f6c6f67696e7c733a313a2231223b636172745f6974656d737c613a303a7b7d),
('mnd467v5rogalqtgr93el0i0eg8k1e48', '::1', 1604024956, 0x5f5f63695f6c6173745f726567656e65726174657c693a313630343032343935363b757365725f69647c733a313a2236223b726f6c655f69647c733a313a2232223b726f6c657c733a343a2255736572223b6e616d657c733a383a225269616e20447769223b69735f6564756b61746f727c733a313a2231223b757365725f6c6f67696e7c733a313a2231223b636172745f6974656d737c613a303a7b7d),
('6gnrk7nhqlbgh7vo63orfak9rtgfai39', '::1', 1604025285, 0x5f5f63695f6c6173745f726567656e65726174657c693a313630343032353238353b757365725f69647c733a313a2236223b726f6c655f69647c733a313a2232223b726f6c657c733a343a2255736572223b6e616d657c733a383a225269616e20447769223b69735f6564756b61746f727c733a313a2231223b757365725f6c6f67696e7c733a313a2231223b636172745f6974656d737c613a303a7b7d),
('crsccufm5sveqht95ua9unn2rasonecp', '::1', 1604025728, 0x5f5f63695f6c6173745f726567656e65726174657c693a313630343032353732383b757365725f69647c733a313a2236223b726f6c655f69647c733a313a2232223b726f6c657c733a343a2255736572223b6e616d657c733a383a225269616e20447769223b69735f6564756b61746f727c733a313a2231223b757365725f6c6f67696e7c733a313a2231223b636172745f6974656d737c613a303a7b7d),
('mbldgbnqilf5b3drv6o582j7mtq2uou0', '::1', 1604026234, 0x5f5f63695f6c6173745f726567656e65726174657c693a313630343032363233343b757365725f69647c733a313a2236223b726f6c655f69647c733a313a2232223b726f6c657c733a343a2255736572223b6e616d657c733a383a225269616e20447769223b69735f6564756b61746f727c733a313a2231223b757365725f6c6f67696e7c733a313a2231223b636172745f6974656d737c613a303a7b7d),
('vmdree1uloush8mpa0ea4pmeg8dnq5ri', '::1', 1604028646, 0x5f5f63695f6c6173745f726567656e65726174657c693a313630343032383634363b757365725f69647c733a313a2236223b726f6c655f69647c733a313a2232223b726f6c657c733a343a2255736572223b6e616d657c733a383a225269616e20447769223b69735f6564756b61746f727c733a313a2231223b757365725f6c6f67696e7c733a313a2231223b636172745f6974656d737c613a303a7b7d),
('80np0aqsfo2tkbg5nig1veavvk03ghj1', '::1', 1604029030, 0x5f5f63695f6c6173745f726567656e65726174657c693a313630343032393033303b757365725f69647c733a313a2236223b726f6c655f69647c733a313a2232223b726f6c657c733a343a2255736572223b6e616d657c733a383a225269616e20447769223b69735f6564756b61746f727c733a313a2231223b757365725f6c6f67696e7c733a313a2231223b636172745f6974656d737c613a303a7b7d6c61796f75747c733a343a226c697374223b),
('68cv30bpij6kol8vfh0eslupfc050pud', '::1', 1604029403, 0x5f5f63695f6c6173745f726567656e65726174657c693a313630343032393430333b757365725f69647c733a313a2236223b726f6c655f69647c733a313a2232223b726f6c657c733a343a2255736572223b6e616d657c733a383a225269616e20447769223b69735f6564756b61746f727c733a313a2231223b757365725f6c6f67696e7c733a313a2231223b636172745f6974656d737c613a303a7b7d6c61796f75747c733a343a226c697374223b),
('qd40vsvcuf0lknqf38lu7f94664vvi72', '::1', 1604029667, 0x5f5f63695f6c6173745f726567656e65726174657c693a313630343032393430333b757365725f69647c733a313a2236223b726f6c655f69647c733a313a2232223b726f6c657c733a343a2255736572223b6e616d657c733a383a225269616e20447769223b69735f6564756b61746f727c733a313a2231223b757365725f6c6f67696e7c733a313a2231223b636172745f6974656d737c613a303a7b7d6c61796f75747c733a343a226c697374223b);

-- --------------------------------------------------------

--
-- Struktur dari tabel `comment`
--

DROP TABLE IF EXISTS `comment`;
CREATE TABLE IF NOT EXISTS `comment` (
  `id` int(11) UNSIGNED NOT NULL AUTO_INCREMENT,
  `body` longtext COLLATE utf8_unicode_ci,
  `user_id` int(11) DEFAULT NULL,
  `commentable_id` int(11) DEFAULT NULL,
  `commentable_type` varchar(50) COLLATE utf8_unicode_ci DEFAULT NULL,
  `date_added` int(11) DEFAULT NULL,
  `last_modified` int(11) DEFAULT NULL,
  PRIMARY KEY (`id`)
) ENGINE=InnoDB DEFAULT CHARSET=utf8 COLLATE=utf8_unicode_ci;

-- --------------------------------------------------------

--
-- Struktur dari tabel `course`
--

DROP TABLE IF EXISTS `course`;
CREATE TABLE IF NOT EXISTS `course` (
  `id` int(11) UNSIGNED NOT NULL AUTO_INCREMENT,
  `title` varchar(255) COLLATE utf8_unicode_ci DEFAULT NULL,
  `short_description` longtext COLLATE utf8_unicode_ci,
  `description` longtext COLLATE utf8_unicode_ci,
  `outcomes` longtext COLLATE utf8_unicode_ci,
  `category_id` int(11) DEFAULT NULL,
  `parent_category` int(11) NOT NULL,
  `sub_category_id` int(11) DEFAULT NULL,
  `section` longtext COLLATE utf8_unicode_ci,
  `requirements` longtext COLLATE utf8_unicode_ci,
  `price` bigint(20) DEFAULT NULL,
  `user_id` int(11) DEFAULT NULL,
  `video_url` varchar(255) COLLATE utf8_unicode_ci DEFAULT NULL,
  `date_added` int(11) DEFAULT NULL,
  `last_modified` int(11) DEFAULT NULL,
  `visibility` int(11) DEFAULT NULL,
  `is_top_course` int(11) DEFAULT '0',
  `is_admin` int(11) DEFAULT NULL,
  `status` varchar(255) COLLATE utf8_unicode_ci DEFAULT NULL,
  `course_overview_provider` varchar(255) COLLATE utf8_unicode_ci DEFAULT NULL,
  `meta_keywords` longtext COLLATE utf8_unicode_ci,
  `meta_description` longtext COLLATE utf8_unicode_ci,
  `is_free_course` int(11) DEFAULT NULL,
  `perklik` int(200) DEFAULT NULL,
  `tipe` varchar(20) COLLATE utf8_unicode_ci DEFAULT NULL,
  `kuota` int(11) DEFAULT NULL,
  `grupchat` varchar(20) COLLATE utf8_unicode_ci DEFAULT NULL,
  `linkgrup` varchar(100) COLLATE utf8_unicode_ci DEFAULT NULL,
  `tanggal` varchar(50) COLLATE utf8_unicode_ci DEFAULT NULL,
  `waktu` varchar(20) COLLATE utf8_unicode_ci DEFAULT NULL,
  `durasi` int(11) NOT NULL DEFAULT '0',
  `live` varchar(20) COLLATE utf8_unicode_ci DEFAULT NULL,
  PRIMARY KEY (`id`)
) ENGINE=InnoDB AUTO_INCREMENT=12 DEFAULT CHARSET=utf8 COLLATE=utf8_unicode_ci;

--
-- Dumping data untuk tabel `course`
--

INSERT INTO `course` (`id`, `title`, `short_description`, `description`, `outcomes`, `category_id`, `parent_category`, `sub_category_id`, `section`, `requirements`, `price`, `user_id`, `video_url`, `date_added`, `last_modified`, `visibility`, `is_top_course`, `is_admin`, `status`, `course_overview_provider`, `meta_keywords`, `meta_description`, `is_free_course`, `perklik`, `tipe`, `kuota`, `grupchat`, `linkgrup`, `tanggal`, `waktu`, `durasi`, `live`) VALUES
(8, 'Perdalam Pengetahuan tentang Pendidikan Ekonomi', 'Ekonomi menurut Mohammad Hatta adalah Ekonomi Pancasila, Pemikirannya sangat mengedepankan kepentingan masyarakat, serta melindungi hak dan martabat individu sehingga kepentingan kemakmuran rakyat akan tercapai. beliau berpendapat bahwa tujuan akhir dari perekonomian adalah tercapainya efisiensi sosial. Dimana bisa merasakan kemakmuran dan kesejahteraan sesungguhnya.', '<p><b>KONSEP DASAR ILMU EKONOMI</b></p><p><span xss=removed><b>Ilmu ekonomi</b></span></p><p>pengertian ilmu ekonomi\r\nEkonomi berasal dari bhasa yunani yakni dari kata oikos yg berarti rumah tangga dan\r\nnomos yg berarti peraturan. Jadi, ekonomi adalah peraturan rumah tangga atau mengatur rumah\r\ntangga. Adapun yg dimaksud ahli ekonomi atau ekonom adalah yg menggunakan konsep\r\nekonomi dan data dalam bekerja. Adapun ilmu yg mempelajari tentang ekonomi disebut ilmu\r\nekonomi.\r\nBerikut ini beberapa definisi ilmu ekonomi menurut pendapat tokoh ekonomi.\r\n</p><p>a. Prof.P.A. Samuelson\r\nIlmu ekonomi adalah suatu studi mengenai bagaimana orang-orang dan masyarakat\r\nmembuat pilihan., dengan cara atau tanpa penggunaan uang, dengan menggunakan\r\nsumber daya yg terbatas tetapi dapat digunakan dalam berbagai jenis barang dan jasa\r\nserta mendistribusikannya untuk keperluan konsumsi sekarang dan dimasa yg akan\r\ndatang, kepada berbagai orang dan golongan masyarakat.\r\n</p><p>b. Adam Smith\r\nIlmu ekonomi adalah ilmu kekayaanatau ilmu yg khusus mempelajari sarana-sarana\r\nkekayaan suatu bangsa dengan memusatkan perhatian secara khusus terhadap sebabsebab material dan kemakmuran, seperti hasil-hasil industri, pertanian dan sebagainya.\r\n</p><p>c. J.B.Say\r\nIlmu ekonomi adalah suatu kajian tentang peraturan yg menentukan kekayaan.\r\n</p><p>d. David Ricardo\r\nIlmu ekonomi adalah suatu kajian tentang hukum berbagai jenis golongan masyarakat.\r\n</p><p>e. Lipsey\r\nIlmu ekonomi adalah suatu studi tentang pemanfaatan sumber daya yg langka untuk\r\nmemenuhi kebutuhan manusia yg tidak terbatas.\r\n</p><p>f. Alfred Marshall\r\nIlmu ekonomi adalah ilmu yg mempelajari usaha-usaha individu dalam ikatan\r\npekerjaan dalam kehidupannya sehari-hari. Ilmu ekonomi membahas tentangkehidupan manusia yg berhubungan dengan bagaimana ia memperoleh\r\npendapatan dan bagaimana pula ia mempergunakan pendapatan itu.\r\n</p><p>Berdasarkan berbagai pendapat tersebut,dapat disimpulkan bahwa ilmu ekonomi\r\nmerupakan ilmu yg mempelajari usaha manusia untuk memenuhi kebutuhannya dalam\r\nmencapai kemakmuran yg diharapkan, dengan memilih sumber daya produksi yg sifatnya\r\nlagka atau terbatas.<br></p>', '[\"Belajar FUNCO (Fundamental of Economic)\",\"Belajar Masalah Ekonomi dan Cara Mengatasainya\",\"Belajar Peran Pelaku Kegiatan Ekonomi\",\"Belajar\"]', 11, 2, NULL, '[3]', '[\"Peserta didik Aktif Sekolah Menengah Atas\"]', 50000, 38, '', 1603645200, 1603731600, NULL, 0, 0, 'active', '', 'Perdalam Pengetahuan tentang Pendidikan Ekonomi', 'Ekonomi', NULL, 12, 'online', 0, 'whatsapp', '', '', '', 0, 'Zoom'),
(9, 'Belajar Editing Android', 'Belajar Edit tidak perlu buka laptop, hanya pakai handphone edit sesuai keinginan kamu bisa terpenuhi, dengan materi-materi yang sangat berguna buat kamu. Yuk ikuti kelas saya di Belajar Android', '<p>Menemani Hari-hari kamu dirumah dengan mengikuti kelas belajar editing android dan dapatkan FREE aplikasi premium dari saya. mulai dari Lighroom, Picsart dan Kinemaster bagi kamu yang suka edit vidio tanpa iklan. Yuk buruan ikuti kelas saya di belajar editing android!</p>', '[\"Belajar Dasar-dasar Foto dan Vidiografi menggunakan handphone\",\"Belajar Editing Lighroom Mobile plus\",\"Belajar Editing Picsart Premium\",\"Belajar Editing Lighroom Kinemaster Premium\"]', 4, 1, NULL, '[]', '[\"Punya handphone versi android\"]', 59000, 39, '', 1603645200, 1603731600, NULL, 0, 0, 'active', '', 'Belajar Editing Android', 'Foto dan Vidiografi', NULL, 30, 'online', 0, 'whatsapp', '', '', '', 0, 'Zoom'),
(10, 'Belajar Bahasa Jepang untuk Pemula', 'Perlunya pengetahuan tentang bahasa dari luar negeri, yakni salah satunya bahasa jepang, agar kamu lebih memahami budaya dan keunikan dari negeri yang memiliki pengaruh teknologi yang tinggi serta budaya yang unik.', '<p><span xss=removed>Mempelajari</span><b xss=removed>bahasa Jepang</b><span xss=removed>membantu memahami budaya yang akan memungkinkan Anda meningkatkan pemahaman Anda tentang semua aspek dari salah satu budaya paling unik di dunia: Budaya</span><b xss=removed>Jepang</b><span xss=removed>. menguasai alfabet</span><b xss=removed>Jepang</b><span xss=removed>:</span><b xss=removed>kanji</b><span xss=removed>, hiragana dan katakana. menyempurnakan pengucapan Anda.</span><br></p>', '[\"Belajar Hiragana\",\"Belajar Katakana\",\"Belajar Kanji\",\"Belajar Angka\\/Bilangan Bahasa Jepang Dasar\"]', 1, 1, NULL, '[]', '[\"memiliki keinginan untuk belajar bahasa jepang\"]', 25000, 40, '', 1603645200, NULL, NULL, 1, 0, 'active', '', 'Belajar Bahasa Jepang untuk Pemula', 'Bahasa Jepang', NULL, 39, 'online', 0, 'whatsapp', '', '', '', 0, 'Zoom'),
(11, 'Kenali Minat &amp; Bakatmu untuk Berprestasi dan Berkuliah yang cocok serta mendapatkan pekerjaan', 'Webinar Interaktif Pengembangan diri melalui penggalian minat dan bakat pada diri kamu untuk Berprestasi dan Berkuliah yang cocok serta mendapatkan pekerjaan.', '<p class=\"MsoBodyText\" xss=removed><span lang=\"id\">Perlunya mengetahui minat dan bakat diri agar bisa\r\nmemberikan gambaran apa passion kamu sebenarnya. dari situ, maka bisa\r\nmengetahui karir yang sesuai dan prestasi selama berkuliah serta mengetahi\r\nkuliah yang cocok bagi yang masih ragu akan melanjutkan kemana nantinya.<o></o></span></p><p class=\"MsoBodyText\" xss=removed><span lang=\"id\">Course minat dan bakat ini akan membantu kamu yang ingin\r\nmemahami lebih dalam mengenai minat dan bakat diri, seperti calon mahasiswa\r\nyang akan memilih jurusan kuliah, atau pekerja yang membutuhkan panduan dan\r\nsolusi untuk memilih atau pindah karir hingga melamar kerja.<o></o></span></p><p>\r\n\r\n\r\n\r\n</p><p class=\"MsoBodyText\" xss=removed><span lang=\"id\">Dalam course ini, kamu akan mengetahui tips-tips mencari\r\ntahu minat dan bakat diri dari sisi teori psikologi dan kondisi nyata. Tidak\r\nhanya itu, course ini juga akan membahas cara membuat perencanaan karir, cara\r\nmenghadapi hambatan, dan tips untuk tetap bertahan saat kamu develop your\r\npassion!.<o></o></span></p>', '[\"1. Peserta dapat memahami pengetahuan apa itu minat dan bakat\",\"2. Peserta dapat memahami Bagaimana cara mengetahui minat anda\",\"3. Peserta dapat memahami Bagaimana cara mengetahui bakat anda\",\"4. Peserta dapat mengetahui Trik implementasi minat&bakat untuk sukses beprestasi\",\"5. Peserta dapat memahami Career plan\",\"6. Peserta dapat mengetahui Develop your passion\"]', 2, 1, NULL, '[]', '[\"Buat kamu yang ingin mengenali minat dan bakat kamu\",\"Buat kamu yang ingin mengeksekusi minat dan bakat kamu\"]', 20000, 41, '', 1603645200, NULL, NULL, 0, 0, 'active', '', 'Kenali Minat & Bakatmu untuk Berprestasi dan Berkuliah yang cocok serta mendapatkan pekerjaan', 'Pengembangan Diri', NULL, 15, 'webinar', 35, 'whatsapp', '', '2020-10-23', '19:00', 3, 'Zoom');

-- --------------------------------------------------------

--
-- Struktur dari tabel `currency`
--

DROP TABLE IF EXISTS `currency`;
CREATE TABLE IF NOT EXISTS `currency` (
  `id` int(11) NOT NULL AUTO_INCREMENT,
  `name` varchar(255) DEFAULT NULL,
  `code` varchar(255) DEFAULT NULL,
  `symbol` varchar(255) DEFAULT NULL,
  `paypal_supported` int(11) DEFAULT NULL,
  `stripe_supported` int(11) DEFAULT NULL,
  PRIMARY KEY (`id`)
) ENGINE=InnoDB AUTO_INCREMENT=113 DEFAULT CHARSET=utf8;

--
-- Dumping data untuk tabel `currency`
--

INSERT INTO `currency` (`id`, `name`, `code`, `symbol`, `paypal_supported`, `stripe_supported`) VALUES
(1, 'Leke', 'ALL', 'Lek', 0, 1),
(2, 'Dollars', 'USD', '$', 1, 1),
(3, 'Afghanis', 'AFN', '', 0, 1),
(4, 'Pesos', 'ARS', '$', 0, 1),
(5, 'Guilders', 'AWG', '', 0, 1),
(6, 'Dollars', 'AUD', '$', 1, 1),
(7, 'New Manats', 'AZN', '', 0, 1),
(8, 'Dollars', 'BSD', '$', 0, 1),
(9, 'Dollars', 'BBD', '$', 0, 1),
(10, 'Rubles', 'BYR', 'p.', 0, 0),
(11, 'Euro', 'EUR', '', 1, 1),
(12, 'Dollars', 'BZD', 'BZ$', 0, 1),
(13, 'Dollars', 'BMD', '$', 0, 1),
(14, 'Bolivianos', 'BOB', '$b', 0, 1),
(15, 'Convertible Marka', 'BAM', 'KM', 0, 1),
(16, 'Pula', 'BWP', 'P', 0, 1),
(17, 'Leva', 'BGN', '', 0, 1),
(18, 'Reais', 'BRL', 'R$', 1, 1),
(19, 'Pounds', 'GBP', '', 1, 1),
(20, 'Dollars', 'BND', '$', 0, 1),
(21, 'Riels', 'KHR', '', 0, 1),
(22, 'Dollars', 'CAD', '$', 1, 1),
(23, 'Dollars', 'KYD', '$', 0, 1),
(24, 'Pesos', 'CLP', '$', 0, 1),
(25, 'Yuan Renminbi', 'CNY', '', 0, 1),
(26, 'Pesos', 'COP', '$', 0, 1),
(27, 'Coln', 'CRC', '', 0, 1),
(28, 'Kuna', 'HRK', 'kn', 0, 1),
(29, 'Pesos', 'CUP', '', 0, 0),
(30, 'Koruny', 'CZK', 'K', 1, 1),
(31, 'Kroner', 'DKK', 'kr', 1, 1),
(32, 'Pesos', 'DOP ', 'RD$', 0, 1),
(33, 'Dollars', 'XCD', '$', 0, 1),
(34, 'Pounds', 'EGP', '', 0, 1),
(35, 'Colones', 'SVC', '$', 0, 0),
(36, 'Pounds', 'FKP', '', 0, 1),
(37, 'Dollars', 'FJD', '$', 0, 1),
(38, 'Cedis', 'GHC', '', 0, 0),
(39, 'Pounds', 'GIP', '', 0, 1),
(40, 'Quetzales', 'GTQ', 'Q', 0, 1),
(41, 'Pounds', 'GGP', '', 0, 0),
(42, 'Dollars', 'GYD', '$', 0, 1),
(43, 'Lempiras', 'HNL', 'L', 0, 1),
(44, 'Dollars', 'HKD', '$', 1, 1),
(45, 'Forint', 'HUF', 'Ft', 1, 1),
(46, 'Kronur', 'ISK', 'kr', 0, 1),
(47, 'Rupees', 'INR', 'Rp', 0, 1),
(48, 'Rupiahs', 'IDR', 'Rp', 0, 1),
(49, 'Rials', 'IRR', '', 0, 0),
(50, 'Pounds', 'IMP', '', 0, 0),
(51, 'New Shekels', 'ILS', '', 1, 1),
(52, 'Dollars', 'JMD', 'J$', 0, 1),
(53, 'Yen', 'JPY', '', 1, 1),
(54, 'Pounds', 'JEP', '', 0, 0),
(55, 'Tenge', 'KZT', '', 0, 1),
(56, 'Won', 'KPW', '', 0, 0),
(57, 'Won', 'KRW', '', 0, 1),
(58, 'Soms', 'KGS', '', 0, 1),
(59, 'Kips', 'LAK', '', 0, 1),
(60, 'Lati', 'LVL', 'Ls', 0, 0),
(61, 'Pounds', 'LBP', '', 0, 1),
(62, 'Dollars', 'LRD', '$', 0, 1),
(63, 'Switzerland Francs', 'CHF', 'CHF', 1, 1),
(64, 'Litai', 'LTL', 'Lt', 0, 0),
(65, 'Denars', 'MKD', '', 0, 1),
(66, 'Ringgits', 'MYR', 'RM', 1, 1),
(67, 'Rupees', 'MUR', '', 0, 1),
(68, 'Pesos', 'MXN', '$', 1, 1),
(69, 'Tugriks', 'MNT', '', 0, 1),
(70, 'Meticais', 'MZN', 'MT', 0, 1),
(71, 'Dollars', 'NAD', '$', 0, 1),
(72, 'Rupees', 'NPR', '', 0, 1),
(73, 'Guilders', 'ANG', '', 0, 1),
(74, 'Dollars', 'NZD', '$', 1, 1),
(75, 'Cordobas', 'NIO', 'C$', 0, 1),
(76, 'Nairas', 'NGN', '', 0, 1),
(77, 'Krone', 'NOK', 'kr', 1, 1),
(78, 'Rials', 'OMR', '', 0, 0),
(79, 'Rupees', 'PKR', '', 0, 1),
(80, 'Balboa', 'PAB', 'B/.', 0, 1),
(81, 'Guarani', 'PYG', 'Gs', 0, 1),
(82, 'Nuevos Soles', 'PEN', 'S/.', 0, 1),
(83, 'Pesos', 'PHP', 'Php', 1, 1),
(84, 'Zlotych', 'PLN', 'z', 1, 1),
(85, 'Rials', 'QAR', '', 0, 1),
(86, 'New Lei', 'RON', 'lei', 0, 1),
(87, 'Rubles', 'RUB', '', 0, 1),
(88, 'Pounds', 'SHP', '', 0, 1),
(89, 'Riyals', 'SAR', '', 0, 1),
(90, 'Dinars', 'RSD', '.', 0, 1),
(91, 'Rupees', 'SCR', '', 0, 1),
(92, 'Dollars', 'SGD', '$', 1, 1),
(93, 'Dollars', 'SBD', '$', 0, 1),
(94, 'Shillings', 'SOS', 'S', 0, 1),
(95, 'Rand', 'ZAR', 'R', 0, 1),
(96, 'Rupees', 'LKR', '', 0, 1),
(97, 'Kronor', 'SEK', 'kr', 1, 1),
(98, 'Dollars', 'SRD', '$', 0, 1),
(99, 'Pounds', 'SYP', '', 0, 0),
(100, 'New Dollars', 'TWD', 'NT$', 1, 1),
(101, 'Baht', 'THB', '', 1, 1),
(102, 'Dollars', 'TTD', 'TT$', 0, 1),
(103, 'Lira', 'TRY', 'TL', 0, 1),
(104, 'Liras', 'TRL', '', 0, 0),
(105, 'Dollars', 'TVD', '$', 0, 0),
(106, 'Hryvnia', 'UAH', '', 0, 1),
(107, 'Pesos', 'UYU', '$U', 0, 1),
(108, 'Sums', 'UZS', '', 0, 1),
(109, 'Bolivares Fuertes', 'VEF', 'Bs', 0, 0),
(110, 'Dong', 'VND', '', 0, 1),
(111, 'Rials', 'YER', '', 0, 1),
(112, 'Zimbabwe Dollars', 'ZWD', 'Z$', 0, 0);

-- --------------------------------------------------------

--
-- Struktur dari tabel `enrol`
--

DROP TABLE IF EXISTS `enrol`;
CREATE TABLE IF NOT EXISTS `enrol` (
  `id` int(11) UNSIGNED NOT NULL AUTO_INCREMENT,
  `user_id` int(11) DEFAULT NULL,
  `course_id` int(11) DEFAULT NULL,
  `date_added` int(11) DEFAULT NULL,
  `last_modified` int(11) DEFAULT NULL,
  PRIMARY KEY (`id`)
) ENGINE=InnoDB AUTO_INCREMENT=28 DEFAULT CHARSET=utf8 COLLATE=utf8_unicode_ci;

--
-- Dumping data untuk tabel `enrol`
--

INSERT INTO `enrol` (`id`, `user_id`, `course_id`, `date_added`, `last_modified`) VALUES
(2, 43, 10, 1603731600, NULL),
(3, 42, 10, 1603731600, NULL),
(4, 57, 9, 1603731600, NULL),
(5, 44, 10, 1603731600, NULL),
(6, 45, 10, 1603731600, NULL),
(7, 46, 10, 1603731600, NULL),
(8, 47, 10, 1603731600, NULL),
(9, 48, 10, 1603731600, NULL),
(10, 50, 10, 1603731600, NULL),
(11, 51, 10, 1603731600, NULL),
(12, 52, 10, 1603731600, NULL),
(13, 53, 10, 1603731600, NULL),
(14, 54, 10, 1603731600, NULL),
(15, 55, 10, 1603731600, NULL),
(16, 72, 10, 1603731600, NULL),
(17, 73, 10, 1603731600, NULL),
(18, 59, 9, 1603731600, NULL),
(19, 58, 9, 1603731600, NULL),
(20, 56, 9, 1603731600, NULL),
(21, 60, 9, 1603731600, NULL),
(22, 61, 9, 1603731600, NULL),
(23, 62, 9, 1603731600, NULL),
(24, 63, 9, 1603731600, NULL),
(25, 64, 9, 1603731600, NULL),
(26, 71, 9, 1603731600, NULL),
(27, 6, 9, 1604016000, NULL);

-- --------------------------------------------------------

--
-- Struktur dari tabel `follower_video`
--

DROP TABLE IF EXISTS `follower_video`;
CREATE TABLE IF NOT EXISTS `follower_video` (
  `id` int(11) NOT NULL,
  `id_user` int(11) NOT NULL,
  `id_channel` int(11) NOT NULL,
  `date_added` int(11) NOT NULL,
  PRIMARY KEY (`id`)
) ENGINE=MyISAM DEFAULT CHARSET=latin1;

--
-- Dumping data untuk tabel `follower_video`
--

INSERT INTO `follower_video` (`id`, `id_user`, `id_channel`, `date_added`) VALUES
(0, 6, 6, 1603108096);

-- --------------------------------------------------------

--
-- Struktur dari tabel `frontend_settings`
--

DROP TABLE IF EXISTS `frontend_settings`;
CREATE TABLE IF NOT EXISTS `frontend_settings` (
  `id` int(11) UNSIGNED NOT NULL AUTO_INCREMENT,
  `key` varchar(255) COLLATE utf8_unicode_ci DEFAULT NULL,
  `value` longtext COLLATE utf8_unicode_ci,
  PRIMARY KEY (`id`)
) ENGINE=InnoDB AUTO_INCREMENT=15 DEFAULT CHARSET=utf8 COLLATE=utf8_unicode_ci;

--
-- Dumping data untuk tabel `frontend_settings`
--

INSERT INTO `frontend_settings` (`id`, `key`, `value`) VALUES
(1, 'banner_title', 'Learn on your schedule'),
(2, 'banner_sub_title', 'Study any topic, anytime. Explore thousands of courses for the lowest price ever!'),
(4, 'about_us', '<p></p><h5 xss=removed><span xss=\"removed\">PLATFORM PEBELAJARAN SEUMUR HIDUP MELALUI PENGALAMAN\r\nBELAJAR DENGAN GURU-GURU INSPIRATIF DI OGURU INDONESIA</span></h5><p xss=\"removed\" xss=removed><span xss=\"removed\">Oguru Indonesia </span><span lang=\"IN\" xss=\"removed\">adalah platform </span><span xss=\"removed\">pendidikan\r\nnon formal </span><span lang=\"IN\" xss=\"removed\">yang memudahkan</span><span lang=\"IN\" xss=\"removed\"> </span><span lang=\"IN\" xss=\"removed\">para pembelajar mencari\r\ndan mendaftar ke kelas-kelas </span><span xss=\"removed\">bimbingan belajar akademik dan </span><span lang=\"IN\" xss=\"removed\">vokasional yang sudah\r\ndibuat oleh para </span><span xss=\"removed\">guru </span><span lang=\"IN\" xss=\"removed\">pengajar.<o></o></span></p><p xss=\"removed\" xss=removed><span lang=\"IN\" xss=\"removed\">Lahir di </span><span xss=\"removed\">awal </span><span lang=\"IN\" xss=\"removed\">tahun 20</span><span xss=\"removed\">20 </span><span lang=\"IN\" xss=\"removed\">sebagai sebuah platform\r\nyang awalnya ingin menghubungkan</span><span xss=\"removed\"> orang tua dan </span><span lang=\"IN\" xss=\"removed\">murid dengan </span><span xss=\"removed\">guru</span><span lang=\"IN\" xss=\"removed\"> privat, </span><span xss=\"removed\">Oguru\r\nIndonesia </span><span lang=\"IN\" xss=\"removed\">kemudian\r\nberkembang menjadi </span><span xss=\"removed\">platform yang tidak hanya memberikan kelas-kelas\r\nbimbingan belajar akademik tapi juga dengan vokasional sebagai peningkatan\r\nketerampilan atau skill pada para pembelajar di Indonesia. <o></o></span></p><p xss=\"removed\" xss=removed><span lang=\"IN\" xss=\"removed\">Misi kami adalah untuk menjadi </span><span xss=\"removed\">platform\r\nbagi guru-guru indonesia dan menjadikan </span><span lang=\"IN\" xss=\"removed\">belajar </span><span xss=\"removed\">serta</span><span lang=\"IN\" xss=\"removed\"> berbagi </span><span xss=\"removed\">pengetahuan\r\n</span><span lang=\"IN\" xss=\"removed\">sebagai\r\ngaya hidup yang menginspirasi dan tersedia bagi siapa saja</span><span xss=\"removed\">.<o></o></span></p><p xss=\"removed\" xss=removed><span lang=\"IN\" xss=\"removed\">Izinkan kami untuk memperkenalkan Anda ke beberapa\r\nkategori kelas</span><span xss=\"removed\"> popular kami:</span></p><p xss=\"removed\" xss=removed><span xss=\"removed\"># Kelas bimbingan belajar akademik</span></p><ol><li xss=removed><span xss=\"removed\">Jenjang SD-SMA (Sederajat)</span></li><li xss=removed><span xss=\"removed\">Ujian Akademik</span></li></ol><p xss=\"removed\" xss=removed><span xss=\"removed\"> # Kelas Vokasional</span></p><ol><li xss=removed><span xss=\"removed\">Bahasa</span></li><li xss=removed><span xss=\"removed\">Seni<o></o></span></li><li xss=removed><span xss=\"removed\">Foto dan Vidiografi<o></o></span></li><li xss=removed><span xss=\"removed\">Teknologi Informasi dan Komunikasi<o></o></span></li><li xss=removed><span xss=\"removed\">Manajemen dan Bisnis<o></o></span></li><li xss=removed><span xss=\"removed\">Fashion</span><br></li></ol>'),
(10, 'syarat_ketentuan', '<h5 xss=removed><b xss=\"removed\"><span xss=\"removed\">Pengantar</span></b></h5><p class=\"MsoNormal\" xss=\"removed\" xss=removed><span xss=\"removed\">Selamat datang di Oguru Indonesia. Dengan menggunakan\r\nOguru Indonesia Anda menyetujui Syarat & Ketentuan berikut. Jika Anda\r\nmemiliki pertanyaan, silakan merujuk ke kontak admin kami di nomor tertera (+62\r\n888-0500-3962). <o></o></span></p><p class=\"MsoNormal\" xss=\"removed\" xss=removed><span xss=\"removed\">Layanan kami memungkinkan siswa atau peserta didik\r\nuntuk terhubung dengan guru-guru Indonesia yang memberikan proses pembelajaran\r\nlangsung (Offline) maupun tidak langsung (Online) yakni bimbingan belajar\r\nAkademik, dan layanan pembelajaran melalui Oguru Indonesia. Layanan mencakup,\r\ntanpa batasan, memfasilitasi dan menyelenggarakan bimbingan belajar akademik\r\ndan kursus vokasional serta materi pendukung, dan menerima umpan balik dari\r\nPengguna.<o></o></span></p><p class=\"MsoNormal\" xss=\"removed\" xss=removed><span xss=\"removed\">Dari waktu ke waktu, Kami dapat memperbarui Ketentuan\r\nini untuk mengklarifikasi praktik kami atau untuk mencerminkan praktik baru\r\natau berbeda, seperti ketika Kami menambahkan fitur baru, dan Oguru Indonesia berhak\r\natas kebijakannya sendiri untuk memodifikasi dan / atau membuat perubahan pada\r\nKetentuan ini pada kapan saja. Jika Kami membuat perubahan materi pada\r\nKetentuan ini, Kami akan memberi tahu Anda menggunakan cara yang akan di\r\nketahui Anda seperti dengan pemberitahuan email yang dikirim ke alamat email\r\nyang ditentukan dalam Akun Anda atau dengan memposting pemberitahuan melalui\r\nLayanan Kami. Modifikasi akan menjadi efektif bagi Anda<o></o></span></p><p class=\"MsoNormal\" xss=\"removed\" xss=removed><span xss=\"removed\">Jika Anda terus menggunakan Layanan Kami setelah\r\nperubahan berlaku, berarti Anda menerima perubahan itu. Anda harus mengunjungi\r\nLayanan secara teratur untuk memastikan Anda mengetahui versi terbaru dari\r\nKetentuan yang ada, karena Ketentuan yang direvisi akan menggantikan semua\r\nKetentuan sebelumnya.<o></o></span></p><p class=\"MsoNormal\" xss=\"removed\" xss=removed><span xss=\"removed\">Oguru Indonesia dapat mengubah Layanan atau\r\nmenghentikan ketersediaannya setiap saat. Ketentuan ini disediakan untuk\r\nkenyamanan dan Anda memahami dan setuju bahwa bahasa Indonesia akan mengontrol\r\njika ada konflik.<o></o></span></p><p class=\"MsoNormal\" xss=\"removed\" xss=removed><b><span xss=\"removed\">Cakupan<o></o></span></b></p><p class=\"MsoNormal\" xss=\"removed\" xss=removed><span xss=\"removed\">Sebelum Anda menjadi anggota Oguru Indonesia, Anda\r\nharus membaca dan menerima semua Ketentuan yang berlaku. Kami sangat\r\nmenyarankan, saat Anda membaca Ketentuan ini, Anda juga mengakses dan membaca\r\ninformasi yang ditautkan. Dengan menerima Ketentuan ini, Anda setuju bahwa\r\nKetentuan ini akan berlaku setiap kali Anda menggunakan situs atau Layanan Oguru\r\nIndonesia, atau ketika Anda menggunakan alat yang kami sediakan untuk\r\nberinteraksi dengan situs dan Layanan Oguru Indonesia<o></o></span></p><p class=\"MsoNormal\" xss=\"removed\" xss=removed><b><span xss=\"removed\">Syarat\r\n& Ketentuan Pendidik<o></o></span></b></p><p class=\"MsoNormal\" xss=\"removed\" xss=removed><span xss=\"removed\">Jika Anda seorang Guru Pendidik, Syarat &\r\nKetentuan Pendidik ini memuat syarat dan ketentuan partisipasi Anda sebagai\r\nGuru Pendidik melalui layanan Oguru Indonesia.<o></o></span></p><p class=\"MsoNormal\" xss=\"removed\" xss=removed><span xss=\"removed\">Sebagai seorang Pendidik, Anda menyatakan, menjamin,\r\ndan berjanji bahwa;<o></o></span></p><ol><li xss=removed><span xss=\"removed\">Anda akan bertanggung jawab untuk semua konten yang Anda kirimkan. Anda\r\nselanjutnya setuju bahwa Anda memiliki lisensi, hak, persetujuan, dan izin yang\r\ndiperlukan, dan wewenang untuk mengizinkan Oguru Indonesia, untuk mereproduksi,\r\nmendistribusikan, melakukan secara publik;<o></o></span></li><li xss=removed><span xss=\"removed\">Tidak ada konten yang dikirimkan akan melanggar atau menyalahgunakan hak\r\nkekayaan intelektual pihak ketiga;<o></o></span></li><li xss=removed><span xss=\"removed\">Anda memiliki kualifikasi, dan keahlian yang disyaratkan, termasuk tanpa\r\nbatasan, pendidikan, pelatihan, pengetahuan, dan keahlian, untuk mengajar dan\r\nmenawarkan layanan yang Anda tawarkan;<o></o></span></li><li xss=removed><span xss=\"removed\">Anda tidak akan memposting atau menyediakan konten atau kelas dalam\r\nkonten yang tidak pantas, menyinggung, rasis, informasi yang penuh kebencian,\r\npornografi, salah, menyesatkan, melanggar, memfitnah terkait informasi yang ada\r\nbuat di situs Oguru Indonesia;<o></o></span></li><li xss=removed><span xss=\"removed\">Anda tidak akan mengunggah, memposting, atau mentransmisikan iklan,\r\nmateri promosi, email sampah, surat berantai, skema piramida, atau bentuk\r\npermintaan lain apa pun (komersial atau lainnya);<o></o></span></li><li xss=removed><span xss=\"removed\">Anda tidak akan menggunakan Layanan untuk bisnis apa pun selain untuk\r\nmenyediakan layanan bimbingan belajar, dan pengajaran kepada peserta didik;<o></o></span></li><li xss=removed><span xss=\"removed\">Anda tidak akan mengambil tindakan apa pun yang dapat merusak sistem\r\numpan balik (seperti menampilkan, mengimpor atau mengekspor informasi umpan\r\nbalik dari situs atau menggunakannya untuk tujuan yang tidak terkait dengan Oguru\r\nIndonesia);<o></o></span></li><li xss=removed><span xss=\"removed\">Anda tidak akan memanipulasi harga kelas apa pun atau mengganggu daftar\r\npengguna lain;<o></o></span></li><li xss=removed><span xss=\"removed\">Anda tidak akan gagal untuk memberikan pembelajaran di kelas yang dibeli\r\ndari Anda, kecuali Pembelajar gagal memenuhi persyaratan yang diposting;<o></o></span></li><li xss=removed><span xss=\"removed\">Anda tidak akan mentransfer\r\nakun Oguru Indonesia Anda (termasuk umpan balik) dan ID Pengguna ke pihak lain\r\ntanpa persetujuan kami;<o></o></span></li><li xss=removed><span xss=\"removed\">Penggunaan Anda atas layanan\r\nini harus mematuhi pada persetujuan Oguru Indonesia, yang dapat kami berikan\r\natau tolak atas kebijakan kami sendiri;<o></o></span></li><li xss=removed><span xss=\"removed\">Anda tidak akan\r\nmendistribusikan virus, worm, spyware atau kode komputer, file, teknologi atau\r\nprogram apa pun yang dapat atau dimaksudkan untuk merusak atau membajak operasi\r\nperangkat keras, perangkat lunak atau peralatan telekomunikasi, atau aspek lain\r\napa pun dari situs Oguru Indonesia baik tentang properti pengguna Oguru\r\nIndonesia;<o></o></span></li><li xss=removed><span xss=\"removed\">Anda tidak akan melanggar\r\nhukum apa pun, hak pihak ketiga, atau kebijakan kami;<o></o></span></li><li xss=removed><span xss=\"removed\">Anda tidak akan menghindari\r\natau memanipulasi struktur biaya kami, proses penagihan, atau biaya yang\r\nterutang ke Oguru Indonesia;<o></o></span></li><li xss=removed><span xss=\"removed\">Anda tidak akan mengekspor\r\natau mengekspor kembali alat Oguru Indonesia, kecuali sesuai dengan\r\nundang-undang kontrol ekspor dari yurisdiksi yang relevan dan sesuai dengan\r\naturan dan batasan yang diposting;<o></o></span></li><li xss=removed><span xss=\"removed\">Anda tidak akan menggunakan\r\nsitus, layanan, atau alat kami jika Anda tidak dapat membentuk kontrak yang\r\nmengikat secara hukum, berusia di bawah 18 tahun, atau untuk sementara atau\r\ntanpa batas waktu tidak dapat menggunakan situs, layanan, atau alat kami.</span></li></ol><h4 xss=removed>Lokakarya Educator</h4><p class=\"MsoNormal\" xss=\"removed\" xss=removed><span xss=\"removed\"><b>Pembuatan Lokakarya</b><o></o></span></p><p class=\"MsoNormal\" xss=\"removed\" xss=removed><span xss=\"removed\">Di bawah ini adalah panduan untuk Guru Pendidik saat membuat Lokakarya:</span></p><ol><li xss=\"removed\" xss=removed><span xss=\"removed\">Informasi Akurat - Dengan membuat Lokakarya, Anda akan bertanggung jawab untuk memastikan semua informasi yang dikirimkan ke Oguru Indonesia akurat. Setiap informasi atau kesalahan yang menyesatkan yang dilakukan secara sengaja atau tidak sengaja (misalnya: salah memasukkan tanggal / lokasi lokakarya, dll.) Akan menyebabkan penangguhan akun Anda dan jika terjadi ketidaknyamanan bagi para peserta, Anda diharuskan untuk menanggung penuh tanggung jawab termasuk mengkompensasi kerugian finansial yang mungkin ditimbulkan karena kekurangan informasi yang Anda berikan;</span></li><li xss=\"removed\" xss=removed><span xss=\"removed\">Lokakarya Aktual Hari - Sebagai Guru pendidik / tuan rumah / penyelenggara lokakarya, Anda bertanggung jawab untuk memastikan bahwa lokakarya / kelas akan disampaikan dalam lingkungan yang kondusif;</span></li><li xss=\"removed\" xss=removed><span xss=\"removed\">Biaya - Biaya pemasaran dan administrasi per tiket yang dijual melalui Oguru Indonesia adalah 20 persen</span>1.<span xss=\"removed\"></span><span xss=\"removed\">dari harga jual (untuk kisaran harga Rp 100.000 ke atas) dan tarif tetap Rp 20.000 per tiket dijual di bawah Rp 100.000;</span></li><li xss=\"removed\" xss=removed>Konfirmasi Status Lokakarya - Anda harus masuk ke akun Educator Anda untuk mengonfirmasi status jadwal Anda apakah kelas akan sedang berlangsung atau dibatalkan, setidaknya 3 hari sebelum kelas dimulai. Pembatalan atau perubahan menit terakhir yang tidak responsif atau perubahan yang dilakukan dalam waktu 24 jam dari waktu lokakarya yang menyebabkan ketidaknyamanan besar pada administrasi kami dan peserta yang terdaftar dapat mengakibatkan Anda terkena penalti berikut: Penangguhan akun Anda ditambah biaya 20 persen dari total harga jual yang Anda harus menyelesaikan dalam 10 hari kerja sejak tanggal pembatalan;</li><li xss=\"removed\" xss=removed>Tampilan Harga - Anda tidak diperbolehkan mempublikasikan kelas Anda di tempat lain dengan harga lebih rendah dari pada yang ditampilkan di Oguru Indonesia atau mengeluarkan diskon apa pun tanpa memberi tahu kami. Kami akan memiliki hak untuk menghapus Lokakarya Anda atau mengubah harga sesuai jika ditemukan dan jika ada pendaftaran yang ada, kami akan mengganti perbedaan yang tersisa kepada pelanggan tanpa persetujuan Anda;</li><li xss=\"removed\" xss=removed>Kampanye Diskon / Promosi In-House - Dalam hal jika Oguru Indonesia mengeluarkan kampanye diskon / promosi kami sendiri di situs web kami (misalnya: diskon 10 persen untuk anggota kami yang merayakan ulang tahun mereka), kami akan menanggung biaya diskon di dalam Biaya 20 persen kami menagih Anda;</li><li xss=\"removed\" xss=removed>Kelas Gratis - Semua Kelas gratis akan ditinjau dan jika disetujui, kami memerlukan logo dan situs web kami untuk disebutkan dalam SEMUA saluran media promosi Anda. Misalnya: \"Kelas Didukung Oleh Oguru Indonesia\" atau \"Media Partner: Oguru Indonesia\". Gagal untuk menyertakan kami akan menghasilkan penghapusan kelas Anda di daftar situs web kami;</li><li xss=\"removed\" xss=removed>Kelas Disponsori - Anda diharuskan untuk memberi tahu kami jika kelas Anda disponsori / didukung oleh merek tertentu (dengan pengecualian sponsor venue) dan biaya tambahan mungkin dikenakan biaya. Gagal memberi tahu kami akan menghasilkan penghapusan kelas Anda di daftar situs web kami;</li><li xss=\"removed\" xss=removed>Penyelesaian Pembayaran & Lokakarya - Semua biaya akan ditransfer ke rekening bank Anda dalam 3-4 (tiga hingga empat) hari kerja setelah Anda menyelesaikan Lokakarya. Oleh karena itu, Anda diharuskan untuk masuk ke dasbor situs Anda dan klik \"lengkapi situs\" agar kami dapat memproses pembayaran Anda;</li><li xss=\"removed\" xss=removed>Harga Khusus Untuk Anggota Anda Sendiri - Jika Anda memiliki harga khusus untuk keanggotaan sekolah / lembaga / rekan kerja / komunitas Anda sendiri, mohon tuliskan catatan untuk admin di langkah 5 (lima) dari Lokakarya penciptaan;</li><li xss=\"removed\" xss=removed>Kebijakan Pembatalan & Pengembalian Uang - Setiap pembatalan atau perubahan besar yang dilakukan pada informasi kelas Anda (seperti Kenaikan Harga, Lokasi, Tanggal, Waktu atau Guru) akan menghasilkan pemberitahuan yang dikirim kepada para peserta yang telah membeli kelas Anda dan mereka berhak mendapatkan pengembalian dana lengkap. Anda akan dikenakan biaya pemrosesan 3 persen dari jumlah total yang dibayarkan oleh peserta yang meminta pengembalian dana karena perubahan besar atau pembatalan yang dilakukan oleh Anda (dibayarkan ke akun kami dalam 10 hari kerja sejak tanggal pembatalan) . Pengembalian dana pelanggan akan ditangani oleh kami;</li><li xss=\"removed\" xss=removed>Force Majeure - Jika kelas Anda harus dibatalkan karena tindakan tertentu, atau keadaan lain di luar kendali wajarnya, termasuk tetapi tidak terbatas pada kebakaran, banjir, keributan sipil, kerusuhan, perang (dinyatakan dan tidak dideklarasikan), revolusi, atau embargo, maka kegagalan tersebut akan dimaafkan selama acara tersebut dan untuk waktu seperti itu;</li><li xss=\"removed\" xss=removed>Vendor\'s Responsibility - Jika ada pembatalan atau perubahan yang dilakukan oleh Anda, Anda dianjurkan untuk menghubungi peserta secara pribadi meskipun sistem kami akan mengirimkan email pemberitahuan otomatis kepada mereka;</li><li xss=\"removed\" xss=removed>Hak Pelanggan - Peserta terdaftar yang telah berhasil membeli lokakarya Anda tidak berhak atas pembatalan atau pengembalian uang, kecuali jika Anda telah membuat beberapa perubahan besar pada informasi lokakarya (seperti Lokasi, Tanggal, Waktu atau Guru) atau ada beberapa keadaan yang tidak terduga (karena keadaan lain di luar kendali, termasuk tetapi tidak terbatas pada kebakaran, banjir, keributan sipil, kerusuhan, perang (dinyatakan dan tidak diumumkan), atau yang lain), setelah mereka beli. Namun, mereka di izinkan memindahkan kursi kelas mereka ke pihak lain. Dalam hal jika peserta meminta perubahan jadwal, keputusan akan diberikan kepada Anda;</li><li xss=\"removed\" xss=removed><span xss=\"removed\"></span><span xss=\"removed\">Promosi Media Sosial - Kami tidak berkewajiban mempublikasikan kelas Anda di Instagram. Namun, jika Anda ingin mengamankan penempatan konfirmasi pada umpan Instagram kami, Anda dapat menghubungi kami melalui email dan biaya Rp. 300.000, - akan dikenakan biaya per posting. Desain dan waktu posting akan diputuskan oleh tim kami;</span></li><li xss=\"removed\" xss=removed>Photo Banner Untuk Promosi Kelas - Anda bertanggung jawab untuk mengunggah foto atau gambar asli yang bebas untuk penggunaan pribadi dan bahkan untuk komersial;</li><li xss=\"removed\" xss=removed>Right To Curate - Harap jangan menggunakan foto yang memiliki banyak teks dan logo. Tim desain kami memiliki hak untuk mengganti gambar apa pun untuk keperluan pendampingan;</li><li xss=\"removed\" xss=removed>Layanan Oguru - Layanan oguruindonesia.com hanya merupakan pasar bagi Pendidik dan Pelajar. Kami tidak mempekerjakan atau mempekerjakan Pendidik, Kami juga tidak bertanggung jawab atau berkewajiban atas setiap interaksi yang terlibat antara Pendidik dan Pelajar yang membeli kursus Pendidik melalui Layanan. Kami tidak bertanggung jawab atas perselisihan, klaim, kehilangan, cedera, atau kerusakan dalam bentuk apa pun yang mungkin timbul dari atau terkait dengan perilaku Pendidik atau Peserta didik, termasuk, namun tidak terbatas pada, kepercayaan setiap Pelajar atas informasi yang diberikan oleh Pendidik.</li></ol><p xss=removed><b><span xss=\"removed\">Membeli Lokakarya</span></b></p><p xss=removed><span xss=\"removed\">Di bawah ini adalah persyaratan untuk Pelajar saat membeli Lokakarya:</span></p><ol><li xss=removed><span xss=\"removed\">Semua pembayaran tidak dapat dikembalikan dan tidak dapat ditransfer ke kelas lain tetapi Anda diizinkan untuk mentransfer tiket Anda ke orang lain. Mohon informasikan kepada kami sehingga kami dapat membuat pengaturan yang diperlukan.</span></li><li xss=removed><span xss=\"removed\">Jika kelas dibatalkan karena beberapa kejadian tak terduga oleh pendidik, kami akan mengembalikan pembayaran Anda sepenuhnya.</span></li><li xss=removed><span xss=\"removed\">Jika informasi kelas seperti harga / waktu / lokasi / deskripsi pembelajaran diubah oleh pendidik / fasilitator, Anda dapat memiliki opsi untuk meminta pengembalian uang.</span></li></ol><p xss=removed><span xss=\"removed\"><b>Biaya dan Layanan</b></span></p><p xss=removed><span xss=\"removed\">Bergabung dengan Oguru Indonesia dan daftar kelas gratis. Kami membebankan biaya per pendaftaran siswa. Anda memiliki kesempatan untuk meninjau dan menerima biaya yang akan dibebankan kepada Anda berdasarkan Jadwal Biaya khusus Anda, yang tersedia dalam informasi akun Anda. Perubahan pada jadwal itu efektif setelah kami memberi Anda pemberitahuan setidaknya empat belas hari dengan memposting perubahan di situs Oguru Indonesia. Kecuali dinyatakan lain, semua biaya dikutip dalam Rupiah.</span></p><p xss=removed><span xss=\"removed\"><b>Pribadi</b></span></p><p xss=removed><span xss=\"removed\">Kami tidak menjual atau menyewakan informasi pribadi Anda kepada pihak ketiga untuk tujuan pemasaran mereka tanpa persetujuan eksplisit dari Anda. Kami menggunakan informasi Anda hanya seperti yang dijelaskan dalam Kebijakan Privasi kami. Kami melihat perlindungan privasi pengguna sebagai prinsip komunitas yang sangat penting. Anda dapat mengakses dan mengubah informasi yang Anda berikan kepada kami dan memilih untuk tidak menerima komunikasi tertentu dengan masuk ke akun Anda. Kami menggunakan pihak ketiga untuk memverifikasi dan mengesahkan prinsip privasi kami. Untuk deskripsi lengkap tentang bagaimana kami menggunakan dan melindungi informasi pribadi Anda, lihat Kebijakan Privasi oguruindonesia. Jika Anda keberatan informasi Anda ditransfer atau digunakan dengan cara ini, jangan gunakan layanan kami.</span></p><p xss=removed><span xss=\"removed\"><b>Penolakan</b></span></p><p xss=removed><span xss=\"removed\">Layanan hanya merupakan pasar bagi Pendidik dan Pelajar. Kami tidak merekrut atau mempekerjakan Pendidik, Kami juga tidak bertanggung jawab atau berkewajiban atas setiap interaksi yang terlibat antara Pendidik dan Pendidik yang membeli kursus Pendidik melalui Layanan. Kami tidak bertanggung jawab atas perselisihan, klaim, kehilangan, cedera, atau kerusakan dalam bentuk apa pun yang mungkin timbul dari atau terkait dengan perilaku Pendidik atau Peserta didik, termasuk, namun tidak terbatas pada, kepercayaan setiap Pelajar atas informasi yang diberikan oleh Pendidik.</span></p><p xss=removed><span xss=\"removed\">Kami tidak mengontrol konten yang dikirimkan yang diposting pada Layanan dan, dengan demikian, tidak menjamin dengan cara apa pun keandalan, validitas, akurasi atau kebenaran dari konten yang dikirimkan tersebut. Anda juga memahami bahwa dengan menggunakan Layanan, oguruindonesia dapat memaparkan Anda pada konten yang dikirimkan yang Anda anggap menyinggung, tidak senonoh, atau tidak menyenangkan. oguruindonesia tidak bertanggung jawab untuk menyimpan konten tersebut dari Anda dan tidak bertanggung jawab atas akses Anda atau penggunaan konten yang dikirimkan, sejauh diizinkan oleh hukum yang berlaku.</span></p><p xss=removed><span xss=\"removed\"><b>Sengketa Hukum & Hukum yang Berlaku</b></span></p><p xss=removed><span xss=\"removed\">Jika timbul perselisihan antara Anda dan Oguru Indonesia, tujuan kami adalah untuk memberi Anda cara netral dan hemat biaya untuk menyelesaikan perselisihan dengan cepat. Karenanya, Anda dan oguruindonesia setuju bahwa kami akan menyelesaikan segala klaim atau kontroversi berdasarkan hukum atau keadilan yang timbul dari Perjanjian ini atau layanan kami sesuai dengan salah satu subbagian di bawah ini atau sebagaimana kami dan Anda sebaliknya setuju secara tertulis. Sebelum menggunakan alternatif-alternatif ini, kami sangat menganjurkan Anda untuk terlebih dahulu menghubungi kami secara langsung untuk mencari penyelesaian dengan menghubungi kami. Kami akan mempertimbangkan permintaan yang wajar untuk menyelesaikan perselisihan melalui prosedur penyelesaian perselisihan alternatif, seperti mediasi atau arbitrasi, sebagai alternatif untuk litigasi.</span></p><p xss=removed><span xss=\"removed\">Perjanjian ini akan diatur dalam segala hal oleh hukum Republik Indonesia sebagaimana berlaku untuk perjanjian yang dibuat dan dilakukan sepenuhnya di dalam Republik Indonesia antara penduduk Republik Indonesia, tanpa memperhatikan pertentangan ketentuan hukum. Anda setuju bahwa setiap klaim atau perselisihan yang Anda miliki terhadap oguruindonesia harus diselesaikan secara eksklusif oleh pengadilan negeri yang berlokasi di Surabaya, Republik Indonesia.</span></p><p xss=removed><span xss=\"removed\"><b>Ganti rugi</b></span></p><p xss=removed><span xss=\"removed\">Anda setuju untuk mengganti rugi dan membebaskan oguruindonesia dan karyawannya, perwakilan, agen, dan afiliasinya, terhadap setiap dan semua klaim, tuntutan, tindakan, atau proses lain yang diajukan terhadap mereka berdasarkan atau timbul dari klaim apa pun yang disebabkan oleh pelanggaran Anda terhadap Ketentuan ini. Anda akan membayar setiap dan semua biaya, kerusakan, dan pengeluaran, termasuk, tetapi tidak terbatas pada, biaya dan biaya pengacara yang masuk akal yang diberikan terhadap atau yang ditimbulkan oleh Kami sehubungan dengan atau timbul dari klaim, tuntutan, tindakan, tindakan, atau proses tersebut.</span></p><p xss=removed><span xss=\"removed\"><b>Lain-lain</b></span></p><p xss=removed><span xss=\"removed\">Anda menyatakan dan menjamin kepada Kami bahwa:</span></p><p xss=\"removed\" xss=removed><span xss=\"removed\">Ketentuan ini merupakan kewajiban hukum Anda, yang sah, dan mengikat, dapat ditegakkan terhadap Anda sesuai dengan syarat dan ketentuan yang tercantum di sini;</span></p><p><span xss=\"removed\"></span></p><ol><li xss=removed><span xss=\"removed\">Anda memiliki hak, kekuasaan, dan otoritas penuh untuk menerima dan terikat oleh Ketentuan ini dan untuk melakukan kewajiban Anda berdasarkan Ketentuan ini, tanpa persetujuan atau persetujuan dari pihak lain;</span></li><li xss=removed><span xss=\"removed\">Anda memiliki hak, kepemilikan, dan kepentingan yang memadai dalam dan terhadap hak-hak yang diberikan kepada Kami dalam Ketentuan ini; dan,</span></li><li xss=removed><span xss=\"removed\">ANDA TELAH MEMBACA DAN DI AMBIL KE ACCOUNT PEMBATASAN TANGGUNG JAWAB DAN KETENTUAN PENAFIAN JAMINAN DARI KETENTUAN-KETENTUAN INI SEBELUM MENERIMA PERSYARATAN INI.</span></li><li xss=removed><ol></ol></li><li xss=removed><span xss=\"removed\">Anda tidak boleh mengalihkan hak atau kewajiban Anda berdasarkan Ketentuan ini kepada pihak mana pun, dan segala upaya untuk melakukannya akan batal dan tidak berlaku. Kami bebas menetapkan Ketentuan Afiliasi ini.</span></li><li xss=removed><span xss=\"removed\">Hukum yang Berlaku. Ketentuan Afiliasi ini diatur oleh hukum Republik Indonesia. Setiap perselisihan yang mungkin timbul sehubungan dengan Ketentuan ini harus diselesaikan sesuai dengan bagian Perselisihan Hukum dan Hukum yang Mengatur.</span></li><li xss=removed><span xss=\"removed\">Anda tidak dapat mengubah atau mengabaikan ketentuan apa pun dari Ketentuan ini kecuali disetujui oleh kami berdua.</span></li><li xss=removed><span xss=\"removed\"></span><span xss=\"removed\">Seluruh Perjanjian. Ketentuan-ketentuan ini mewakili seluruh perjanjian antara Kami dan Anda, dan akan menggantikan semua perjanjian dan komunikasi sebelumnya antara kami, baik lisan maupun tulisan.</span></li><li xss=removed><span xss=\"removed\">Jika ada ketentuan dalam Ketentuan Afiliasi ini dianggap tidak sah atau tidak dapat dilaksanakan, ketentuan yang harus dihilangkan atau dibatasi seminimal mungkin sehingga maksud dari kami berdua adalah efektif, dan sisa dari Ketentuan ini harus memiliki kekuatan penuh dan efek.</span></li></ol>'),
(12, 'bantuan', '<h1><b><span xss=\"removed\">Pembelian Kelas</span></b></h1>\r\n\r\n<p class=\"MsoNormal\" xss=\"removed\"><i><span xss=\"removed\">Informasi cara\r\npembelian kelas di Oguru Indonesia<o></o></span></i></p>\r\n\r\n<h3><span xss=\"removed\">Cara Membeli Kelas di OguruIndonesia</span></h3>\r\n\r\n<p>Silakan ikuti tahap-tahap berikut ini :<o></o></p>\r\n\r\n<blockquote class=\"blockquote\"><h5></h5><h6><ul><li><span class=\"wysiwyg-color-black\" xss=\"removed\"><span xss=\"removed\">Pilih kelas yang kamu inginkan dan sesuai dengan minat kamu</span></span></li></ul><ul><li><span class=\"wysiwyg-color-black\" xss=\"removed\"><span xss=\"removed\">Baca dengan baik dan benar informasi mengenai kelas yang\r\ntertera</span></span></li></ul><ul><li><span class=\"wysiwyg-font-size-medium\" xss=\"removed\"><span xss=\"removed\">Jika kamu sudah yakin akan mengambil kelas tersebut, klik\r\ntombol Daftar di halaman kelas yang kamu pilih(Vokasional / Akademik)</span></span></li></ul><ul><li><span xss=\"removed\"><span class=\"wysiwyg-font-size-medium\" xss=\"removed\"><span xss=\"removed\">Kamu akan diarahkan ke halaman checkout kelas. Saat kamu klik\r\ntombol Bayar kamu akan diarahkan untuk membuat akun OguruIndonesia. Jika\r\nkamu</span></span><span xss=\"removed\">sudah memiliki akun OguruIndonesia</span><span class=\"wysiwyg-font-size-medium\" xss=\"removed\"><span xss=\"removed\">, kamu bisa\r\nmengisi email dan password kamu. Jika kamu</span></span><span xss=\"removed\">belum\r\nmemiliki akun OguruIndonesia</span><span class=\"wysiwyg-font-size-medium\" xss=\"removed\"><span xss=\"removed\">, kamu bisa\r\nmengisi</span></span><span xss=\"removed\">pembuatan akun kamu.</span></span></li></ul><ul><li><span xss=\"removed\"><span class=\"wysiwyg-color-black\" xss=\"removed\"><span xss=\"removed\">Kamu akan diarahkan ke halaman pemesanan/checkout.</span></span><span xss=\"removed\">Cek ulang\r\ndetail pemesanan</span><span class=\"wysiwyg-color-black\" xss=\"removed\"><span xss=\"removed\">apakah sudah sesuai dengan yang kamu pilih</span></span></span></li></ul><ul><li><span class=\"wysiwyg-color-black\" xss=\"removed\"><span xss=\"removed\">Isi informasi yang diperlukan</span></span></li></ul><ul><li><span class=\"wysiwyg-color-black\" xss=\"removed\"><span xss=\"removed\">Pilih metode pembayaran yang ingin kamu gunakan</span></span></li></ul><ul><li><span class=\"wysiwyg-color-black\" xss=\"removed\"><span xss=\"removed\">Ikuti tahap selanjutnya sesuai dengan metode pembayaran yang\r\nkamu pilih</span></span></li></ul><ul><li><span class=\"wysiwyg-font-size-medium\" xss=\"removed\"><span xss=\"removed\">Masukan Kode Promo bila ada</span></span></li></ul><ul><li><span class=\"wysiwyg-font-size-medium\" xss=\"removed\"><span xss=\"removed\">Bayar sesuai dengan\r\ninformasi harga dan intruksi yang diberikan</span></span></li></ul><ul><li><span class=\"wysiwyg-font-size-medium\" xss=\"removed\"><span xss=\"removed\">Jika kamu belum menyelesaikan pembayaran, maka akan muncul pemberitahuan\r\npada menu Notifikasi seperti Menunggu pembayaran untuk kelas dan kamu bisa\r\nklik kalimat tersebut untuk mengetahui langkah-langkah pembayaran</span></span></li></ul><ul><li><span class=\"wysiwyg-font-size-medium\" xss=\"removed\"><span xss=\"removed\">Jika kamu sudah menyelesaikan\r\npembayaran, informasi Menunggu pemabayaran kelas pada notifikasi akan\r\nmenghilang dan berarti pemesanan kamu sudah berhasil</span></span></li></ul><ul><li><span class=\"wysiwyg-font-size-medium\" xss=\"removed\"><span xss=\"removed\">Kamu bisa pergi ke\r\nhalaman kelas saya untuk melihat histori kelas yang sudah kamu bayar dan kamu\r\nikuti supaya kamu tidak lupa. Pastikan kamu sudah memiliki akun google</span></span></li></ul><ul><li><span xss=\"removed\"><span class=\"wysiwyg-font-size-medium\" xss=\"removed\"><span xss=\"removed\">Silakan</span></span><span xss=\"removed\">cek email</span><span class=\"wysiwyg-font-size-medium\" xss=\"removed\"><span xss=\"removed\">yang kamu\r\ngunakan untuk mendapatkan konfirmasi pemesanan kamu. (maksimal 1x24jam)</span></span></span></li></ul><ul><li><span class=\"wysiwyg-font-size-medium\" xss=\"removed\"><span xss=\"removed\">Kamu tinggal\r\nmenunggu hari pelaksanaan kelas kamu, karena semua data akan dikirimkan secara\r\notomatis ke pengajar dari sistem OguruIndonesia.</span></span></li></ul><ul><li><span class=\"wysiwyg-font-size-medium\" xss=\"removed\"><span xss=\"removed\">H-1 sistem kami\r\nakan mengirimkan pengingat ke email kamu beserta detail kelas yang kamu pesan.\r\nSelamat belajar!</span></span></li></ul></h6></blockquote>\r\n\r\n\r\n\r\n\r\n\r\n\r\n\r\n\r\n\r\n\r\n\r\n\r\n\r\n\r\n\r\n\r\n\r\n\r\n\r\n\r\n\r\n\r\n\r\n\r\n\r\n\r\n\r\n\r\n\r\n<h4 xss=\"removed\"><span class=\"wysiwyg-font-size-medium\"><span xss=\"removed\"><br></span></span></h4><h4 xss=\"removed\"><span class=\"wysiwyg-font-size-medium\"><h3><span xss=\"removed\">Bantu Pembelian Kelas</span></h3><h6><span xss=\"removed\"><span xss=\"removed\">Pembelian kelas hanya bisa dilakukan melalui website OguruIndonesia.\r\nKami tidak membuka pendaftaran melalui media atau chanel lain. Jika kamu\r\nmengalami kendala pada saat pembelian kelas, tim kami akan membantu\r\nmengarahkan</span>.</span></h6><p class=\"MsoNormal\" xss=\"removed\"><span xss=\"removed\"><o><br></o></span></p></span></h4><h3><span xss=\"removed\">Metode\r\nPembayaran</span></h3><h4 xss=\"removed\"><span class=\"wysiwyg-font-size-medium\"><h6><span xss=\"removed\"><span xss=\"removed\"><span xss=\"removed\">Metode Pembayaran Yang Tersedia<br></span></span></span><span xss=\"removed\"><span xss=\"removed\"><span xss=\"removed\">Saat ini OguruIndonesia memiliki berbagai\r\nmacam metode pembayaran.<br></span></span></span><span xss=\"removed\"><span xss=\"removed\"><span xss=\"removed\"></span><span xss=\"removed\">Transfer\r\nbank<br></span></span></span><span xss=\"removed\"><span xss=\"removed\"><span xss=\"removed\"><span xss=\"removed\"></span></span><span xss=\"removed\">Indomart<br></span></span></span><span xss=\"removed\"><span xss=\"removed\"><span xss=\"removed\"><span xss=\"removed\"></span></span><span xss=\"removed\">Alfamart<br></span></span></span><span xss=\"removed\"><span xss=\"removed\"><span xss=\"removed\">Silakan memilih metode pembayaran\r\nsesuai dengan yang kamu inginkan. Pastikan saldo kamu mencukup untuk melakukan\r\npembelian. Kamu memiliki waktumaksimal 1x24 jamuntuk melakukan\r\npembayaran. Lebih dari 1x24 jam kamu harus melakukan pendaftaran ulang, dan\r\npilih metode pembayaran kembali.</span></span></span></h6><p class=\"MsoNormal\" xss=\"removed\"><b><span xss=\"removed\"><o></o></span></b></p><h3><span xss=\"removed\">Salah Memilih Metode Pembayaran</span></h3><h3></h3><h6>Apabila\r\nkamu salah memilih metode pembayaran, kami sarankan kamu untukmengabaikan\r\npembayarantersebut dan melakukan daftar ulang dengan memilih metode\r\npembayaran yang diinginkan.</h6><h6>Order\r\nkamu sebelumnya akanbatal secara otomatisdalam kurun\r\nwaktu1x24 jam, tetapi kamu tidak perlu menunggu waktu 1x24 jam\r\nuntuk melakukan daftar ulang dengan metode pembayaran yang kamu inginkan.</h6><h6>Tetapi jika kamutelah melakukan\r\npembayaran, kamu<span xss=\"removed\">tidak bisa</span><span xss=\"removed\">mengganti\r\ndengan metode pembayaran lainnya. Jadi pastikan kamu melakukanpengecekan\r\n2xsebelum melakukan pembayaran.</span></h6><h6><span xss=\"removed\"><br></span></h6><h3>Konfirmasi\r\nPembelian</h3></span></h4><h4 xss=\"removed\"><span class=\"wysiwyg-font-size-medium\"><h4><span xss=\"removed\">Transaksi Sukses Tapi Belum Dapat Email Konfirmasi</span></h4><h6><span xss=\"removed\"><span xss=\"removed\"><span xss=\"removed\">Setelah\r\nkamu menyelesaikan pembayaran di website OguruIndonesia, sistem kami akan\r\nmengirimkan email konfirmasi pembelian secara otomatis. Silakan melakukan\r\npengecekan kembali pada folderinbox, spam dan promotionsdi\r\nemail kamu ya. Untuk judul email konfirmasi yang diterima Terima kasih kami\r\ntelah menerima pembeyaran anda, kamu juga bisa search email dengan judul\r\ntersebut di email kamu.<br></span></span></span><span xss=\"removed\"><span xss=\"removed\"><span xss=\"removed\">Jika kamu belum mendapatkan\r\nkonfirmasi email pembayaran dalam1x24jamsetelah pembayaran\r\ndilakukan, kamu bisa menghubungiCustomer Service kami melaluitombol\r\nsupport pada halaman websitekami atau email keIndonesiaoguru@gmail.comuntuk\r\nmendapatkan bantuan lebih lanjut.</span></span></span></h6><h4><span xss=\"removed\">Pembayaran Berhasil Tapi Mendapatkan Email Pembatalan\r\nPesanan</span></h4><h6><span xss=\"removed\"><span xss=\"removed\">Bila\r\nkamu telah melakukan pembayaran dan saldo kamu sudah terpotong, tapi kamu\r\nmendapatkan email pembatalan pesanan, kamu dapat mengkonfirmasi dengan\r\nmenghubungi Customer Service dari OguruIndonesia atau membalas email dari\r\nsistem kami untuk meminta konfirmasi status disertakan dengan bukti saldo yang\r\nsudah dipotong.<br></span></span><span xss=\"removed\"><span xss=\"removed\"><span xss=\"removed\">Silakan menghubungi Customer Service\r\nkami melaluitombol support pada halaman websitekami atau\r\nemail keIndonesiaoguru@gmail.comuntuk mendapatkan bantuan\r\nlebih lanjut.</span></span></span></h6><h4><span xss=\"removed\">Kirim Konfirmasi Bukti Pembayaran</span></h4><h6><span xss=\"removed\"><span xss=\"removed\">Metode pembayaran apapun yang kamu gunakan, kamu\r\ntidak perlu melakukan konfirmasi pembayaran kembali, karena sistem kami akan\r\nmelakukan pengecekan secara otomatis. Kamu bisa menunggu1x24jamuntuk\r\npembayaran kamu diverifikasi, jika sudah diverifikasi kamu akan mendapatkan konfirmasi\r\nemail pembayaran ke email kamu yang terdaftar.</span></span></h6><h6><span xss=\"removed\"><span xss=\"removed\"><br></span></span></h6><h6><span xss=\"removed\"><span xss=\"removed\"><br></span></span></h6></span></h4><h1><span xss=\"removed\">Informasi Kelas</span></h1><h4 xss=\"removed\"><span class=\"wysiwyg-font-size-medium\"></span></h4><h1></h1><h6><span xss=\"removed\"><span xss=\"removed\">\r\n\r\n<p class=\"MsoNormal\" xss=\"removed\"><i><span xss=\"removed\"><span xss=\"removed\">Informasi detail dan\r\nteknis mengenai kelas yang tersedia di Oguruindonesia</span><o></o></span></i></p>\r\n\r\n</span></span></h6><h3><span xss=\"removed\">Detail Kelas<br></span><span xss=\"removed\">Mendapatkan\r\nInformasi Kelas</span></h3><h6><span xss=\"removed\"><span xss=\"removed\">\r\n\r\n\r\n\r\n<p xss=\"removed\"><span xss=\"removed\">Semua\r\ninformasi yang kamu perlu untuk ketahui mengenai kelas sudah kami\r\ntuliskan secara detail pada setiap halaman Vokasional dan Akademik. Dari\r\npenjelasan singkat mengenai kelas, poin pembelajaran, pengajar dan biografinya,\r\nlembaga pelatihan, jadwal kelas, tipe kelas, aplikasi yang perlu digunakan atau\r\ndisiapkan dan informasi lainnya. Pastikan kamu membaca detail terlebih dahulu\r\nsetiap informasi pada halaman Vokasional dana Akademik yang kamu inginkan.</span><o></o></p>\r\n\r\n<p class=\"MsoNormal\"><o></o></p>\r\n\r\n<h3><span xss=\"removed\">Mendapatkan\r\nLink Untuk Kelas dan Chat Group</span></h3><h3><span xss=\"removed\"><h6 xss=\"removed\"><span xss=\"removed\"><span xss=\"removed\">Masuk ke dashboard akun kamu, lalu\r\ncek di menu</span><span xss=\"removed\">\"Kelas Saya\"</span><span xss=\"removed\">, pastikan kamu berada di\r\nbagian</span><span xss=\"removed\">\"Kelas yang akan datang\"</span><span xss=\"removed\">. Silakan kamu klik\r\ntulisan berwarna biru</span><span xss=\"removed\">\"Masuk kelas\"</span><span xss=\"removed\">.<br></span></span></h6><h6><span xss=\"removed\"><span xss=\"removed\"><span xss=\"removed\">\r\nDisana, kamu akan menemukan informasi detail tentang kelas kamu, termasuk link\r\nwebinar dan juga kontak pengajar.</span></span></span></h6></span></h3></span></span></h6><h4 xss=\"removed\"><span class=\"wysiwyg-font-size-medium\"><p class=\"MsoNormal\" xss=\"removed\"><span xss=\"removed\"><span xss=\"removed\"><br></span></span></p><h3 xss=\"removed\"><span xss=\"removed\"><span xss=\"removed\">Terkendala\r\nHadir Saat Jadwal Kelas</span></span></h3><h6 xss=\"removed\"><span xss=\"removed\"><span xss=\"removed\">Apabila\r\nkamu terkendala sehinggatidak bisa mengikutikelas yang kamu\r\nbeli sebelumnya, silakanmenghubungi email kami di </span><span class=\"MsoHyperlink\" xss=\"removed\"><a href=\"mailto:indonesiaoguru@gmail.com\">indonesiaoguru@gmail.com</a></span><span xss=\"removed\">\r\npada kontak yang tertera di email konfirmasi yang kamu terima. Selanjutnya,\r\nkamu bisameminta penjadwalan ulanguntuk kelas selanjutnya,\r\nagar kamu dapatmengikuti kelas ulang dan ujian/evaluasisehingga\r\nbisa mendapatkan sertifikat.</span></span></h6><h6 xss=\"removed\"><span xss=\"removed\"><span xss=\"removed\"><br></span></span></h6><h6 xss=\"removed\"></h6><h6 xss=\"removed\"></h6><h3><span xss=\"removed\"><span xss=\"removed\">Mencari\r\nKelas Yang Diinginkan</span></span></h3><h3></h3><h6><span xss=\"removed\">Kamu bisa mencari kelas yang kamu\r\ninginkan melalui kolom pencarian di bagian Mau\r\nCari Apa<span xss=\"removed\">di dashborad website.</span></span></h6><h6><span xss=\"removed\">Jika kamu tidak menemukan kelas yang kamu cari, kamu dapat mengirimkan\r\ninformasi kelas yang kamu cari dan inginkan melalui email ke<span class=\"MsoHyperlink\" xss=\"removed\"><a href=\"mailto:indonesiaoguru@gmail.com\">indonesiaoguru@gmail.com</a></span><span xss=\"removed\">dengan\r\nsubject : Request Kelas</span></span></h6></span></h4><h6 xss=\"removed\"><span xss=\"removed\"><span xss=\"removed\"><span xss=\"removed\"><br></span></span></span></h6><h6 xss=\"removed\"></h6><h3 xss=\"removed\"><span xss=\"removed\"><span xss=\"removed\">Ada di Kota\r\nApa Saja</span></span></h3><h6 xss=\"removed\"><span xss=\"removed\">Untuk saat ini kegiatan Offline kami\r\nmasih stay di kota surabaya. Jika kota kamu belum ada dipilihan, harap bersabar\r\nya, secepatnya kita akan ke kota kamu. Dan untuk kegiatan online bisa di akses\r\ndi seluruh Indonesia.</span></h6><h6 xss=\"removed\"><span xss=\"removed\"><br></span></h6><h6 xss=\"removed\"><span xss=\"removed\"><h3 xss=\"removed\"><span xss=\"removed\"><span xss=\"removed\">Ada Kelas\r\nApa Saja</span></span></h3><span xss=\"removed\">\r\n\r\n</span><h6 xss=\"removed\"><span xss=\"removed\"><span xss=\"removed\">Kami mempunyai banyak kelas, untuk\r\nmemudahkan kamu mencari kelas yang kamu inginkan, kamu bisa menggunakan kolom\r\nmau cari apa di bagian atas, atau mencari berdasarkan kategori yang kamu minati</span></span></h6><h6 xss=\"removed\"><span xss=\"removed\"><span xss=\"removed\"><br></span></span></h6><h6 xss=\"removed\"></h6><h6 xss=\"removed\"></h6><h3><span xss=\"removed\"><span xss=\"removed\">Apakah Hanya\r\nAda Kelas Offline</span></span></h3><span xss=\"removed\"><span xss=\"removed\">Saat ini kami ada kelas offline dan online juga, bisa\r\ndilihat informasi kelas di bagian kiri atas dari judul kelas</span></span></span></h6><h6 xss=\"removed\"><span xss=\"removed\"><span xss=\"removed\"><br></span></span></h6><h6 xss=\"removed\"></h6><h6 xss=\"removed\"></h6><h3><span xss=\"removed\"><span xss=\"removed\">Kelas yang\r\nDiinginkan Sold Out / Habis</span></span></h3><span xss=\"removed\"><span xss=\"removed\">Jika\r\nkelas yang kamu ingin ikuti adalah kelas webinar, maka tidak bisa menerima\r\npendaftaran lagi, silakan cek untuk kelas yang lainnya. Jika kelas yang kamu\r\ningin ikuti adalah kelas online, maka kamu masih bisa terus mendaftar karena\r\nkuota yang tidak terbatas</span></span><h6 xss=\"removed\"><br></h6><h3 xss=\"removed\"><span xss=\"removed\"><span xss=\"removed\">Pendaftaran Kelas</span></span></h3><h6 xss=\"removed\"><span xss=\"removed\">Jika kamu arahkan halaman ke bawah\r\ndan masih melihat tombol Daftar berwarna biru, berarti kamu masih bisa\r\nmendaftar. Silakan klik langsung tombol Daftar</span></h6><h6 xss=\"removed\"><span xss=\"removed\"><br></span></h6><span xss=\"removed\">\r\n\r\n</span><h3><span xss=\"removed\"><span xss=\"removed\">Pendaftaran\r\nKelas Sudah Tutup</span></span></h3><span xss=\"removed\">\r\n\r\n</span><h6 xss=\"removed\"><span xss=\"removed\"><span xss=\"removed\">Jika kamu melihat tombol Daftar\r\nberubah menjadi Pendaftaran Ditutup berarti batas waktu pendaftaran sudah\r\nlewat. Kelas tidak bisa dibuka kembali, tapi kamu bisa memilih tanggal\r\nselanjutnya untuk kamu ikuti.</span></span></h6><span xss=\"removed\">\r\n\r\n</span><p class=\"MsoNormal\" xss=\"removed\"><span xss=\"removed\">\r\n\r\n</span></p><p class=\"MsoNormal\" xss=\"removed\"><span xss=\"removed\"><br></span></p><h3 xss=\"removed\"><span xss=\"removed\"><span xss=\"removed\">Jenis Online\r\nClass Yang Tersedia</span></span></h3><p class=\"MsoNormal\" xss=\"removed\"></p><h6><span xss=\"removed\"><span xss=\"removed\">Di OguruIndonesia terdapat beberapa jenis online class. Kamu\r\nbisa mengetahui tipe kelas online di bagian kiri atas Judul Kelas. Berikut\r\nperbedaan tipe-tipe kelas online di OguruIndonesia</span></span></h6><h5><span xss=\"removed\"><br></span></h5><h5><span xss=\"removed\"><span xss=\"removed\">\r\n1.</span><b><span xss=\"removed\">Webinar</span></b></span></h5><h6><span xss=\"removed\"><span xss=\"removed\">\r\nKelas akan berlangsung secara live, sehingga kamu akan berinteraksi dengan\r\ngurunya secara langsung selama kelas berjalan. Biasanya kelas-kelas ini\r\nmemiliki jadwal fix yang harus kamu ikuti sama halnya kamu mengikuti kelas\r\noffline, bedanya ini dilakukan secara online. Perhatikan jadwal kelas dan\r\njadwal sesi yang harus kamu ikuti ketika melakukan pembelian ya. Kamu akan\r\ndiingatkan juga oleh pengajar dan sistem di H-1 jika ada jadwal kelas yang\r\nharus kamu ikuti. Jangan lupa kamu juga harus mengingat jadwal kelas yang kamu\r\nbeli ya.</span></span></h6><h6><span xss=\"removed\"><span xss=\"removed\"><br></span></span></h6><h5><b xss=\"removed\"><span xss=\"removed\">2. Online</span></b></h5><h6><span xss=\"removed\"><span xss=\"removed\">\r\nKelas ini berarti kamu hanya akan mengakses video rekaman yang diberikan oleh\r\npengajar. Tipe kelas ini tidak memiliki jadwal tetap yang harus kamu ikuti\r\nsecara berkala, tapi beberapa lembaga memberikan batas waktu untuk mengakses\r\nvideo rekaman walaupun ada beberapa lembaga memberikan kamu akses tak terbatas\r\nuntuk konten video rekamannya. Kamu harus membaca informasi kelas dengan teliti\r\nya.</span></span></h6><h6><span xss=\"removed\"><span xss=\"removed\"><br></span></span></h6><h5><span xss=\"removed\"><span xss=\"removed\">\r\n3.</span><b><span xss=\"removed\">Hybrid (Webinar dan Online)</span></b></span></h5><h6><span xss=\"removed\"><span xss=\"removed\">\r\nTipe kelas ini merupakan gabungan dari Webinar dan Online. Sehingga materi akan\r\ndisampaikan melalui video rekaman, tapi kamu juga akan mendapatkan sesi live\r\nbersama pengajar melalui webinar. Perhatikan jadwal tertulis kapan sesi live\r\nakan berlangsung ya, jangan sampai ketinggalan. Tapi kamu akan diingatkan juga\r\noleh pengajar dan sistem di H-1 jika ada jadwal kelas yang harus kamu ikuti.\r\nJangan lupa kamu juga harus mengingat jadwal kelas yang kamu beli ya.</span></span></h6><h6><span xss=\"removed\"><span xss=\"removed\"><br></span></span></h6><h6></h6><h3 xss=\"removed\"><span xss=\"removed\"><span xss=\"removed\">Tiket Kelas\r\nSaya</span></span></h3><span xss=\"removed\">\r\n\r\n</span><h6 xss=\"removed\"><span xss=\"removed\"><span xss=\"removed\">Selesai melakukan pendaftaran dan\r\npembelian kelas, sistem kami akan mengirimkan notifikasi email konfirmasi atau\r\nnotifikasi akun pengguna di website. Silakan cek email kamu untuk detail, dan\r\nkamu bisa menemukan detail pemesanan kamu di email yang bisa kamu tunjukan ke guru\r\natau Lembaga Pelatihan bila kamu memiliki kendala di Hari H.</span></span></h6><h6 xss=\"removed\"><span xss=\"removed\"><span xss=\"removed\"><br></span></span></h6><span xss=\"removed\">\r\n\r\n</span><h3 xss=\"removed\"><span xss=\"removed\"><span xss=\"removed\">Tidak Bisa\r\nAkses Kelas</span></span></h3><h6 xss=\"removed\"><span xss=\"removed\">Jika\r\nkamu kesulitan untuk mengakses kelas, silakan menghubungi pengajar melalui fitur\r\npesan yang tersedia untuk bantuan lebih lanjut.\r\nTautan kelas saya dapat dilihat dengan cara:\r\nMasuk ke dashboard akun kamu, lalu cek di menu \"Kelas Saya\", pastikan kamu berada di bagian \"Kelas yang akan datang\". Silakan kamu klik tulisan berwarna biru<span xss=\"removed\">\"Mulai Kelas\"</span><span xss=\"removed\">.</span>Disana, kamu akan menemukan informasi detail tentang kelas kamu, termasuk link webinar.</span></h6><p></p><p class=\"MsoNormal\" xss=\"removed\"><span xss=\"removed\">\r\n\r\n</span></p><p class=\"MsoNormal\" xss=\"removed\"><span xss=\"removed\"><br></span></p><h3 xss=\"removed\"><span xss=\"removed\"><span xss=\"removed\">Rating dan\r\nUlasan Kelas</span></span></h3><h6 xss=\"removed\" class=\"dropdown-item\"><span xss=\"removed\"><span xss=\"removed\">Rating\r\ndan ulasan adalah</span><span xss=\"removed\">penilaian</span><span xss=\"removed\">untuk satu kelas, yang kamu\r\nberikan sesuai dengan pengalaman yang kamu rasakan selama mengikuti kelas.</span></span></h6><h5><span xss=\"removed\" xss=removed>Kegunaan dari Rating dan Ulasan di\r\nsetiap kelas :</span></h5><ol><li>Memberikan apresiasi, support dan\r\ndukungan untuk guru kamu agar semakin semangat untuk mengajar dan memperbaiki kekurangan jika ada</li><li>Berguna untuk perbaikan, pengembangan\r\nsistem dari OguruIndonesia dan memantau kualitas dari pengajar yang ada di\r\nOguruIndonesia untuk peningkatan kualitas ke depannya</li></ol><h5><span xss=\"removed\" xss=removed>Apakah\r\nrating dan ulasan harus diisi?</span></h5><h6 xss=\"removed\"><span xss=\"removed\"><span xss=\"removed\">Ulasan\r\ndan rating bersifat</span><span xss=\"removed\">tidak wajib</span><span xss=\"removed\">boleh kamu berikan atau tidak,\r\ntapi tidak ada salahnya memberikan rating dan ulasan untuk memberikan apresiasi\r\ndan masukan untuk guru-guru kamu ke depannya, dan juga kamu bisa mendapatkan\r\npoin untuk potongan harga.</span></span></h6><h6 xss=\"removed\"><span xss=\"removed\"><span xss=\"removed\"><br></span></span></h6><h6 xss=\"removed\"><span xss=\"removed\"><span xss=\"removed\"><br></span></span></h6><p class=\"MsoNormal\" xss=\"removed\"><span xss=\"removed\">\r\n\r\n\r\n\r\n\r\n\r\n\r\n\r\n\r\n\r\n\r\n\r\n</span><span xss=\"removed\"><o><br></o></span></p><h4 xss=\"removed\"><b><span xss=\"removed\"><o></o></span></b></h4>'),
(13, 'theme', 'default');
INSERT INTO `frontend_settings` (`id`, `key`, `value`) VALUES
(14, 'kebijakan_privasi', '<p>Kebijakan Privasi</p><p xss=removed><span lang=\"EN-US\" xss=removed>Pengaturan mengenai Kebijakan Privasi berikut ini (<strong><u><span xss=removed>Kebijakan Privasi</span></u></strong>)\r\nmenggambarkan bagaimana OguruIndonesia.com (<strong><u><span xss=removed>Kami</span></u></strong>) menghargai serta melindungi data pribadi\r\nyang dimiliki oleh setiap pengguna atau pengunjung (<strong><u><span xss=removed>Anda</span></u></strong>) yang mengakses situs Kami\r\n(www.oguruindonesia.com) maupun layanan digital lain yang disediakan dan\r\ndikelola oleh Kami (<strong><u><span xss=removed>Platform</span></u></strong>).<o></o></span></p><p xss=removed><span lang=\"EN-US\" xss=removed>Dengan mengakses dan/atau menggunakan Platform, Anda (dan/atau\r\norang tua/wali apabila mengetahui dan memahami) dianggap telah mengetahui serta\r\nmenyetujui Kebijakan Privasi yang merupakan bagian tidak terpisahkan dari\r\nSyarat dan Ketentuan Penggunaan Platform (<strong><u><span xss=removed>Ketentuan Penggunaan</span></u></strong>). Anda dengan ini memastikan\r\ndan menjamin bahwa setiap data yang diberikan adalah sah dan benar, dan Anda\r\nmerupakan pihak yang memiliki hak atas pemberian data. Apabila dibutuhkan\r\ndengan alasan yang wajar, Anda setuju untuk memberikan bukti terkait keabsahan\r\ndan kebenaran data tersebut. Anda diwajibkan untuk mengajukan pembaruan data\r\nkepada Kami bila terjadi perubahan terhadap data yang Anda berikan sebelumnya.\r\nAnda juga memberikan persetujuan kepada Kami untuk mememeroleh, menggunakan,\r\nmenampilkan, mengumumkan, membuka, memroses, membuka akses, menyimpan,\r\nmengirim, memberikan, mengalihkan, mengelola, memusnahkan, serta melindungi (<strong><u><span xss=removed>Penggunaan</span></u></strong>) data tersebut untuk\r\nkeperluan tertentu sebagaimana diatur dalam Kebijakan Privasi dan Syarat\r\nKetentuan Platform.<o></o></span></p><p xss=removed><span lang=\"EN-US\" xss=removed>Dengan memberikan persetujuan, Anda dianggap melepaskan hak atas\r\nklaim, kerugian, tuntutan, maupun gugatan yang mungkin terjadi atas Penggunaan\r\ndata Anda dalam sistem Kami.<o></o></span></p><p xss=removed><span lang=\"EN-US\" xss=removed><o></o></span></p><p xss=removed><strong><u><span lang=\"EN-US\" xss=removed>1. DATA PRIBADI ANDA</span></u></strong><span lang=\"EN-US\" xss=removed><br>\r\nBerdasarkan cara pengumpulannya, data Anda terbagi menjadi:<o></o></span></p><p xss=removed><strong><u><span lang=\"EN-US\" xss=removed>(i) Data yang diserahkan oleh Anda</span></u></strong><span lang=\"EN-US\" xss=removed><br>\r\nmerupakan data yang diberikan oleh Anda saat mengisi formulir elektronik maupun\r\nberkorespondensi dengan Kami, yang termasuk namun tidak terbatas pada data yang\r\ndiserahkan saat Anda:<o></o></span></p><p xss=removed><span lang=\"EN-US\" xss=removed>a.\r\nMembuat akun di Platform;<o></o></span></p><p xss=removed><span lang=\"EN-US\" xss=removed>b.\r\nBerlangganan layanan pada Platform;<o></o></span></p><p xss=removed><span lang=\"EN-US\" xss=removed>c.\r\nMenghubungi Kami, baik melalui telepon,<em>email</em>, situs, dan kontak\r\nlainnya yang tercantum pada Kebijakan Privasi ini;<o></o></span></p><p xss=removed><span lang=\"EN-US\" xss=removed>d.\r\nMengisi survey maupun penilaian terkait layanan Platform, termasuk mengenai\r\npelaksanaan Kelas;<o></o></span></p><p xss=removed><span lang=\"EN-US\" xss=removed>e.\r\nMengikuti promosi maupun kompetisi yang terdapat pada Platform maupun media\r\nsosial lainnya yang dimiliki dan dikelola oleh Kami; dan<o></o></span></p><p xss=removed><span lang=\"EN-US\" xss=removed>f.\r\nMempergunakan layanan pada Platform, seperti aktivitas pencarian dan pembelian\r\nKelas, atau aktivitas lainnya yang membutuhkan akses pada data Anda.<o></o></span></p><p xss=removed><span lang=\"EN-US\" xss=removed>Data\r\nyang diserahkan oleh Anda dalam aktivitas tersebut dapat meliputi nama pengguna\r\n(<em>username</em>),<em>email</em>, kata sandi (<em>password</em>), nomor\r\ntelepon, alamat, deskripsi pribadi, foto, informasi finansial dan/atau\r\nperbankan, detil transaksi, serta data-data lainnya yang terkait dengan\r\naktivitas di atas.<o></o></span></p><p xss=removed><strong><u><span lang=\"EN-US\" xss=removed>(ii) Data yang terekam</span></u></strong><span lang=\"EN-US\" xss=removed><br>\r\nmerupakan data yang dapat dikumpulkan oleh Kami saat Anda mengakses Platform,\r\nyang termasuk namun tidak terbatas pada:<o></o></span></p><p xss=removed><span lang=\"EN-US\" xss=removed>a.\r\nInformasi teknis, meliputi alamat protokol internet (<em>IP Address</em>),\r\ninformasi<em>log in</em>, jenis dan versi<em>browser</em>yang\r\ndigunakan, pengaturan zona waktu dan<em>geo location</em>secara<em>real-time</em>;<o></o></span></p><p xss=removed><span lang=\"EN-US\" xss=removed>b.\r\nInformasi kunjungan, meliputi waktu dari setiap aktivitas Anda di Platform,\r\ndaftar lengkap URL yang dikunjungi, data catatan/<em>log</em>, produk yang anda\r\nlihat atau cari pada Platform, data transaksi, serta nomor telepon maupun\r\nalamat<em>email</em>yang digunakan untuk menghubungi tim Kami.<o></o></span></p><p xss=removed><strong><u><span lang=\"EN-US\" xss=removed>(iii) Data yang diterima dari sumber\r\nlain/pihak ketiga</span></u></strong><span lang=\"EN-US\" xss=removed><br>\r\nmerupakan data yang diperoleh dari pihak ketiga, seperti mitra Kami yang\r\nmembantu Kami dalam mengembangkan layanan bagi Anda, para Guru/Pengajar Kelas\r\nyang tercantum dalam Platform Digital, penyedia layanan finansial, serta sumber\r\ndata lainnya yang tersedia secara umum.<o></o></span></p><p xss=removed><span lang=\"EN-US\" xss=removed><o></o></span></p><p xss=removed><strong><u><span lang=\"EN-US\" xss=removed>2. PENGGUNAAN DATA</span></u></strong><span lang=\"EN-US\" xss=removed><br>\r\nKami dapat menggunakan maupun menggabungkan data-data yang diperoleh dengan\r\ncara di atas untuk tujuan berikut:<o></o></span></p><p xss=removed>&lt;!--[if !supportLists]--&gt;<span lang=\"EN-US\" xss=removed>a.<span xss=removed> </span></span>&lt;!--[endif]--&gt;<span lang=\"EN-US\" xss=removed>Melakukan segala upaya dalam\r\nrangka menjalankan kewajiban untuk menyediakan informasi, produk, jasa, dan\r\nlayanan pada Platform kepada Anda;<o></o></span></p><p xss=removed>&lt;!--[if !supportLists]--&gt;<span lang=\"EN-US\" xss=removed>b.<span xss=removed> </span></span>&lt;!--[endif]--&gt;<span lang=\"EN-US\" xss=removed>Memastikan bahwa Platform\r\ndisajikan dengan cara yang paling efektif bagi Anda;<o></o></span></p><p xss=removed>&lt;!--[if !supportLists]--&gt;<span lang=\"EN-US\" xss=removed>c.<span xss=removed> </span></span>&lt;!--[endif]--&gt;<span lang=\"EN-US\" xss=removed>Mengelola, menghubungi, dan\r\nmenyediakan segala bantuan kepada Anda untuk menyelesaikan segala hambatan,\r\nmasalah transaksi, atau kesulitan lainnya saat Anda mengakses maupun\r\nmenggunakan Platform;<o></o></span></p><p xss=removed>&lt;!--[if !supportLists]--&gt;<span lang=\"EN-US\" xss=removed>d.<span xss=removed> </span></span>&lt;!--[endif]--&gt;<span lang=\"EN-US\" xss=removed>Meningkatkan layanan yang\r\ndiberikan oleh Platform;<o></o></span></p><p xss=removed>&lt;!--[if !supportLists]--&gt;<span lang=\"EN-US\" xss=removed>e.<span xss=removed> </span></span>&lt;!--[endif]--&gt;<span lang=\"EN-US\" xss=removed>Memberi rekomendasi maupun\r\ninformasi terkait Kelas, Workshop, promosi atau informasi lainnya kepada Anda;<o></o></span></p><p xss=removed>&lt;!--[if !supportLists]--&gt;<span lang=\"EN-US\" xss=removed>f.<span xss=removed>\r\n</span></span>&lt;!--[endif]--&gt;<span lang=\"EN-US\" xss=removed>Melakukan monitoring atau investigasi terhadap transaksi maupun\r\naktivitas lainnya yang mencurigakan dan terindikasi mengandung unsur\r\npelanggaran terhadap Syarat Ketentuan atau peraturan perundang-undangan yang berlaku;\r\ndan<o></o></span></p><p xss=removed>&lt;!--[if !supportLists]--&gt;<span lang=\"EN-US\" xss=removed>g.<span xss=removed> </span></span>&lt;!--[endif]--&gt;<span lang=\"EN-US\" xss=removed>Tujuan lain yang disampaikan\r\ndari waktu ke waktu oleh Kami kepada Anda, yang diizinkan oleh hukum dan\r\nketentuan perundang-undangan yang berlaku.<o></o></span></p><p xss=removed><span lang=\"EN-US\" xss=removed><o></o></span></p><p xss=removed><strong><u><span lang=\"EN-US\" xss=removed>3. PENGUNGKAPAN DATA PRIBADI</span></u></strong><span lang=\"EN-US\" xss=removed><br>\r\nKami menjamin tidak adanya peminjaman, pengalihan, penjualan, maupun distribusi\r\ndata Anda kepada pihak ketiga tanpa seizin Anda, kecuali diminta oleh\r\nPengadilan atau Lembaga hukum lainnya yang berwenang demi mematuhi kewajiban\r\nhukum dan peraturan perundang-undangan yang berlaku.<u><o></o></u></span></p><p xss=removed><span lang=\"EN-US\" xss=removed><o></o></span></p><p xss=removed><strong><u><span lang=\"EN-US\" xss=removed>4. PENYIMPANAN DAN PENGHAPUSAN DATA</span></u></strong><span lang=\"EN-US\" xss=removed><br>\r\nData pribadi Anda yang Kami terima akan Kami simpan dengan cara yang sesuai\r\nketentuan hukum dan peraturan perundang-undangan yang berlaku. Semua data yang\r\nKami simpan berbentuk data yang sudah dienkripsi dan Kami akan melakukan upaya\r\nyang wajar untuk melindungi kerahasiaan data tersebut.<u><o></o></u></span></p><p xss=removed><span lang=\"EN-US\" xss=removed>Seluruh\r\ndata pribadi Anda akan kami simpan selama:<o></o></span></p><p xss=removed><span lang=\"EN-US\" xss=removed>a.\r\nAnda masih menjadi pengguna Platform;<o></o></span></p><p xss=removed><span lang=\"EN-US\" xss=removed>b.\r\nSetidaknya 5 (lima) tahun sejak tanggal Anda berhenti menggunakan Platform;\r\natau<o></o></span></p><p xss=removed><span lang=\"EN-US\" xss=removed>c.\r\nSesuai dengan tujuan awal dikumpulkannya data pribadi tersebut.<o></o></span></p><p xss=removed><span lang=\"EN-US\" xss=removed>Anda\r\ndapat mengajukan penghapusan akun Anda di sistem Kami, dengan melampirkan surat\r\npermohonan penghapusan beserta alasannya, dan bukti diri yang sah berupa\r\nKTP/SIM/Paspor sesuai dengan identitas pribadi pada akun Platform. Kami akan\r\nmenyimpan data transaksi Anda secara anonim untuk keperluan pembukuan.<o></o></span></p><p xss=removed><span lang=\"EN-US\" xss=removed><o></o></span></p><p xss=removed><strong><u><span lang=\"EN-US\" xss=removed>PEMBATASAN TANGGUNG JAWAB PLATFORM<o></o></span></u></strong></p><p xss=removed>&lt;!--[if !supportLists]--&gt;<span lang=\"EN-US\" xss=removed>1.<span xss=removed> </span></span>&lt;!--[endif]--&gt;<span lang=\"EN-US\" xss=removed>Anda bertanggung jawab atas\r\nkeamanan akun anda, dengan menjaga kerahasiaan informasi login berupa<em>email</em>dan\r\nkata sandi (<em>password</em>), maupun data lainnya yang digunakan untuk\r\nmengakses akun Anda;<o></o></span></p><p xss=removed>&lt;!--[if !supportLists]--&gt;<span lang=\"EN-US\" xss=removed>2.<span xss=removed> </span></span>&lt;!--[endif]--&gt;<span lang=\"EN-US\" xss=removed>Kami tidak bertanggung jawab\r\natas kebocoran data pribadi yang disebabkan oleh Anda maupun pihak ketiga;<o></o></span></p><p xss=removed>&lt;!--[if !supportLists]--&gt;<span lang=\"EN-US\" xss=removed>3.<span xss=removed> </span></span>&lt;!--[endif]--&gt;<span lang=\"EN-US\" xss=removed>Kami bertanggung jawab atas\r\nperlindungan dan pengamanan data pribadi dalam sistem kami, dan melakukan\r\nsegala upaya yang wajar untuk mencegah adanya kegagalan perlindungan data\r\npribadi. Dan apabila terjadi kegagalan dalam perlindungan tersebut, maka kami\r\nakan memberitahukan secara tertulis mengenai kegagalan tersebut kepada Anda\r\nmaksimal 14 (empat belas) hari kalender setelah kegagalan terjadi;<o></o></span></p><p xss=removed>&lt;!--[if !supportLists]--&gt;<span lang=\"EN-US\" xss=removed>4.<span xss=removed> </span></span>&lt;!--[endif]--&gt;<span lang=\"EN-US\" xss=removed>Kami tidak bertanggung jawab\r\natas keabsahan, kebenaran, keakuratan, maupun kelengkapan data yang Anda\r\nberikan kepada Kami;<o></o></span></p><p xss=removed>&lt;!--[if !supportLists]--&gt;<span lang=\"EN-US\" xss=removed>5.<span xss=removed> </span></span>&lt;!--[endif]--&gt;<span lang=\"EN-US\" xss=removed>Apabila Anda berusia di bawah\r\n17 tahun, Kami tidak bertanggung jawab atas input data pribadi Anda, dan menganjurkan\r\nagar pemberian data tersebut dipantau oleh orang tua/wali Anda; dan<o></o></span></p><p xss=removed>&lt;!--[if !supportLists]--&gt;<span lang=\"EN-US\" xss=removed>6.<span xss=removed> </span></span>&lt;!--[endif]--&gt;<span lang=\"EN-US\" xss=removed>Kami tidak bertanggung jawab\r\natas kegagalan atau penundaan pelaksanaan kewajiban dalam Kebijakan Privasi ini\r\napabila kegagalan atau penundaan tersebut disebabkan oleh Keadaan Kahar.<br>\r\nKeadaan Kahar dapat didefinisikan sebagai segala kejadian yang tidak disebabkan\r\noleh kesalahan atau kelalaian salah satu Pihak dan terjadi di luar kekuasaan\r\nPihak tertentu, dimana salah satu Pihak tidak dapat mencegah atau mengatasi hal\r\ntersebut, termasuk namun tidak terbatas pada bencana alam, kebakaran, perang,\r\nkerusuhan, demonstrasi, sabotase, kegagalan sistem yang disebabkan oleh pihak\r\nketiga, kegagalan sistem perbankan, atau segala perubahan pada peraturan\r\nperundang-undangan yang dikeluarkan oleh Pemerintah dan dapat memengaruhi\r\nkapasitas Kami untuk menjalankan Kebijakan Privasi ini. Apabila Keadaan Kahar\r\nterjadi, Kami akan memberitahukannya secara tertulis kepada Anda maksimal 10\r\n(sepuluh) hari kalender setelah Keadaan Kahar terjadi.<o></o></span></p><p xss=removed><span lang=\"EN-US\" xss=removed><o></o></span></p><p>\r\n\r\n\r\n\r\n\r\n\r\n\r\n\r\n\r\n\r\n\r\n\r\n\r\n\r\n\r\n\r\n\r\n\r\n\r\n\r\n\r\n\r\n\r\n\r\n\r\n\r\n\r\n\r\n\r\n\r\n\r\n\r\n\r\n\r\n\r\n\r\n\r\n\r\n\r\n\r\n\r\n\r\n\r\n\r\n\r\n\r\n\r\n\r\n\r\n\r\n\r\n\r\n\r\n\r\n\r\n\r\n\r\n\r\n\r\n\r\n\r\n\r\n\r\n\r\n\r\n\r\n\r\n\r\n\r\n\r\n\r\n\r\n\r\n\r\n\r\n\r\n\r\n\r\n\r\n\r\n\r\n\r\n\r\n\r\n\r\n\r\n\r\n\r\n</p><p xss=removed><strong><u><span lang=\"EN-US\" xss=removed>PERUBAHAN KEBIJAKAN PRIVASI</span></u></strong><span lang=\"EN-US\" xss=removed><br>\r\nKami sewaktu-waktu dapat melakukan perubahan atau pembaruan tertentu terhadap\r\nKebijakan Privasi ini, dalam rangka penyesuaian dengan perkembangan Platform\r\nmaupun hukum yang berlaku. Jika terjadi perubahan atau pembaruan pada Kebijakan\r\nPrivasi ini, Kami akan memberikan Tanggal Pembaruan Terakhir pada Kebijakan\r\nPrivasi. Kami menghimbau Anda untuk melakukan peninjauan kepada Kebijakan\r\nPrivasi ini secara berkala, dan dengan tetap mengakses dan/atau menggunakan\r\nPlatform, Anda dianggap telah menyetujui segala perubahan maupun pembaruan\r\nKebijakan Privasi.<u><o></o></u></span></p>');

-- --------------------------------------------------------

--
-- Struktur dari tabel `language`
--

DROP TABLE IF EXISTS `language`;
CREATE TABLE IF NOT EXISTS `language` (
  `phrase_id` int(11) NOT NULL AUTO_INCREMENT,
  `phrase` longtext COLLATE utf8_unicode_ci,
  `english` longtext COLLATE utf8_unicode_ci,
  `Indonesia` longtext COLLATE utf8_unicode_ci,
  PRIMARY KEY (`phrase_id`)
) ENGINE=MyISAM AUTO_INCREMENT=594 DEFAULT CHARSET=utf8 COLLATE=utf8_unicode_ci;

--
-- Dumping data untuk tabel `language`
--

INSERT INTO `language` (`phrase_id`, `phrase`, `english`, `Indonesia`) VALUES
(1, 'manage_profile', NULL, NULL),
(140, 'category_code', NULL, NULL),
(3, 'dashboard', NULL, NULL),
(4, 'categories', NULL, NULL),
(5, 'courses', NULL, NULL),
(6, 'students', NULL, NULL),
(7, 'enroll_history', NULL, NULL),
(8, 'message', NULL, NULL),
(9, 'settings', NULL, NULL),
(10, 'system_settings', NULL, NULL),
(11, 'frontend_settings', NULL, NULL),
(12, 'payment_settings', NULL, NULL),
(13, 'manage_language', NULL, NULL),
(14, 'edit_profile', NULL, NULL),
(15, 'log_out', NULL, NULL),
(16, 'first_name', NULL, NULL),
(17, 'last_name', NULL, NULL),
(18, 'email', NULL, NULL),
(19, 'facebook_link', NULL, NULL),
(20, 'twitter_link', NULL, NULL),
(21, 'linkedin_link', NULL, NULL),
(22, 'a_short_title_about_yourself', NULL, NULL),
(23, 'biography', NULL, NULL),
(24, 'photo', NULL, NULL),
(25, 'select_image', NULL, NULL),
(26, 'change', NULL, NULL),
(27, 'remove', NULL, NULL),
(28, 'update_profile', NULL, NULL),
(29, 'change_password', NULL, NULL),
(30, 'current_password', NULL, NULL),
(31, 'new_password', NULL, NULL),
(32, 'confirm_new_password', NULL, NULL),
(33, 'delete', NULL, NULL),
(34, 'cancel', NULL, NULL),
(35, 'are_you_sure_to_update_this_information', NULL, NULL),
(36, 'yes', NULL, NULL),
(37, 'no', NULL, NULL),
(38, 'system settings', NULL, NULL),
(39, 'system_name', NULL, NULL),
(40, 'system_title', NULL, NULL),
(41, 'slogan', NULL, NULL),
(42, 'system_email', NULL, NULL),
(43, 'address', NULL, NULL),
(44, 'phone', NULL, NULL),
(45, 'youtube_api_key', NULL, NULL),
(46, 'get_youtube_api_key', NULL, NULL),
(47, 'vimeo_api_key', NULL, NULL),
(48, 'purchase_code', NULL, NULL),
(49, 'language', NULL, NULL),
(50, 'text-align', NULL, NULL),
(51, 'update_system_settings', NULL, NULL),
(52, 'update_product', NULL, NULL),
(53, 'file', NULL, NULL),
(54, 'install_update', NULL, NULL),
(55, 'system_logo', NULL, NULL),
(56, 'update_logo', NULL, NULL),
(57, 'get_vimeo_api_key', NULL, NULL),
(58, 'add_category', NULL, NULL),
(59, 'category_title', NULL, NULL),
(60, 'sub_categories', NULL, NULL),
(61, 'actions', NULL, NULL),
(62, 'action', NULL, NULL),
(63, 'manage_sub_categories', NULL, NULL),
(64, 'edit', NULL, NULL),
(65, 'add_course', NULL, NULL),
(66, 'select_category', NULL, NULL),
(67, 'title', NULL, NULL),
(68, 'category', NULL, NULL),
(69, '#_section', NULL, NULL),
(70, '#_lesson', NULL, NULL),
(71, '#_enrolled_user', NULL, NULL),
(72, 'view_course_details', NULL, NULL),
(73, 'manage_section', NULL, NULL),
(74, 'manage_lesson', NULL, NULL),
(75, 'student', NULL, NULL),
(76, 'add_student', NULL, NULL),
(77, 'name', NULL, NULL),
(78, 'date_added', NULL, NULL),
(79, 'enrolled_courses', NULL, NULL),
(80, 'view_profile', NULL, NULL),
(81, 'admin_dashboard', NULL, NULL),
(82, 'total_courses', NULL, NULL),
(83, 'number_of_courses', NULL, NULL),
(84, 'total_lessons', NULL, NULL),
(85, 'number_of_lessons', NULL, NULL),
(86, 'total_enrollment', NULL, NULL),
(87, 'number_of_enrollment', NULL, NULL),
(88, 'total_student', NULL, NULL),
(89, 'number_of_student', NULL, NULL),
(90, 'manage_sections', NULL, NULL),
(91, 'manage sections', NULL, NULL),
(92, 'course', NULL, NULL),
(93, 'add_section', NULL, NULL),
(94, 'lessons', NULL, NULL),
(95, 'serialize_sections', NULL, NULL),
(96, 'add_lesson', NULL, NULL),
(97, 'edit_section', NULL, NULL),
(98, 'delete_section', NULL, NULL),
(99, 'course_details', NULL, NULL),
(100, 'course details', NULL, NULL),
(101, 'details', NULL, NULL),
(102, 'instructor', NULL, NULL),
(103, 'sub_category', NULL, NULL),
(104, 'enrolled_user', NULL, NULL),
(105, 'last_modified', NULL, NULL),
(106, 'manage language', NULL, NULL),
(107, 'language_list', NULL, NULL),
(108, 'add_phrase', NULL, NULL),
(109, 'add_language', NULL, NULL),
(110, 'option', NULL, NULL),
(111, 'edit_phrase', NULL, NULL),
(112, 'delete_language', NULL, NULL),
(113, 'phrase', NULL, NULL),
(114, 'value_required', NULL, NULL),
(115, 'frontend settings', NULL, NULL),
(116, 'banner_title', NULL, NULL),
(117, 'banner_sub_title', NULL, NULL),
(118, 'about_us', NULL, NULL),
(119, 'blog', NULL, NULL),
(120, 'update_frontend_settings', NULL, NULL),
(121, 'update_banner', NULL, NULL),
(122, 'banner_image', NULL, NULL),
(123, 'update_banner_image', NULL, NULL),
(124, 'payment settings', NULL, NULL),
(125, 'paypal_settings', NULL, NULL),
(126, 'client_id', NULL, NULL),
(127, 'sandbox', NULL, NULL),
(128, 'production', NULL, NULL),
(129, 'active', NULL, NULL),
(130, 'mode', NULL, NULL),
(131, 'stripe_settings', NULL, NULL),
(132, 'testmode', NULL, NULL),
(133, 'on', NULL, NULL),
(134, 'off', NULL, NULL),
(135, 'test_secret_key', NULL, NULL),
(136, 'test_public_key', NULL, NULL),
(137, 'live_secret_key', NULL, NULL),
(138, 'live_public_key', NULL, NULL),
(139, 'save_changes', NULL, NULL),
(141, 'update_phrase', NULL, NULL),
(142, 'check', NULL, NULL),
(143, 'settings_updated', NULL, NULL),
(144, 'checking', NULL, NULL),
(145, 'phrase_added', NULL, NULL),
(146, 'language_added', NULL, NULL),
(147, 'language_deleted', NULL, NULL),
(148, 'add course', NULL, NULL),
(149, 'add_courses', NULL, NULL),
(150, 'add_course_form', NULL, NULL),
(151, 'basic_info', NULL, NULL),
(152, 'short_description', NULL, NULL),
(153, 'description', NULL, NULL),
(154, 'level', NULL, NULL),
(155, 'beginner', NULL, NULL),
(156, 'advanced', NULL, NULL),
(157, 'intermediate', NULL, NULL),
(158, 'language_made_in', NULL, NULL),
(159, 'is_top_course', NULL, NULL),
(160, 'outcomes', NULL, NULL),
(161, 'category_and_sub_category', NULL, NULL),
(162, 'select_a_category', NULL, NULL),
(163, 'select_a_category_first', NULL, NULL),
(164, 'requirements', NULL, NULL),
(165, 'price_and_discount', NULL, NULL),
(166, 'price', NULL, NULL),
(167, 'has_discount', NULL, NULL),
(168, 'discounted_price', NULL, NULL),
(169, 'course_thumbnail', NULL, NULL),
(170, 'note', NULL, NULL),
(171, 'thumbnail_size_should_be_600_x_600', NULL, NULL),
(172, 'course_overview_url', NULL, NULL),
(173, '0%', NULL, NULL),
(174, 'manage profile', NULL, NULL),
(175, 'edit_course', NULL, NULL),
(176, 'edit course', NULL, NULL),
(177, 'edit_courses', NULL, NULL),
(178, 'edit_course_form', NULL, NULL),
(179, 'update_course', NULL, NULL),
(180, 'course_updated', NULL, NULL),
(181, 'number_of_sections', NULL, NULL),
(182, 'number_of_enrolled_users', NULL, NULL),
(183, 'add section', NULL, NULL),
(184, 'section', NULL, NULL),
(185, 'add_section_form', NULL, NULL),
(186, 'update', NULL, NULL),
(187, 'serialize_section', NULL, NULL),
(188, 'serialize section', NULL, NULL),
(189, 'submit', NULL, NULL),
(190, 'sections_have_been_serialized', NULL, NULL),
(191, 'select_course', NULL, NULL),
(192, 'search', NULL, NULL),
(193, 'thumbnail', NULL, NULL),
(194, 'duration', NULL, NULL),
(195, 'provider', NULL, NULL),
(196, 'add lesson', NULL, NULL),
(197, 'add_lesson_form', NULL, NULL),
(198, 'video_type', NULL, NULL),
(199, 'select_a_course', NULL, NULL),
(200, 'select_a_course_first', NULL, NULL),
(201, 'video_url', NULL, NULL),
(202, 'invalid_url', NULL, NULL),
(203, 'your_video_source_has_to_be_either_youtube_or_vimeo', NULL, NULL),
(204, 'for', NULL, NULL),
(205, 'of', NULL, NULL),
(206, 'edit_lesson', NULL, NULL),
(207, 'edit lesson', NULL, NULL),
(208, 'edit_lesson_form', NULL, NULL),
(209, 'login', NULL, NULL),
(210, 'password', NULL, NULL),
(211, 'forgot_password', NULL, NULL),
(212, 'back_to_website', NULL, NULL),
(213, 'send_mail', NULL, NULL),
(214, 'back_to_login', NULL, NULL),
(215, 'student_add', NULL, NULL),
(216, 'student add', NULL, NULL),
(217, 'add_students', NULL, NULL),
(218, 'student_add_form', NULL, NULL),
(219, 'login_credentials', NULL, NULL),
(220, 'social_information', NULL, NULL),
(221, 'facebook', NULL, NULL),
(222, 'twitter', NULL, NULL),
(223, 'linkedin', NULL, NULL),
(224, 'user_image', NULL, NULL),
(225, 'add_user', NULL, NULL),
(226, 'user_update_successfully', NULL, NULL),
(227, 'user_added_successfully', NULL, NULL),
(228, 'student_edit', NULL, NULL),
(229, 'student edit', NULL, NULL),
(230, 'edit_students', NULL, NULL),
(231, 'student_edit_form', NULL, NULL),
(232, 'update_user', NULL, NULL),
(233, 'enroll history', NULL, NULL),
(234, 'filter', NULL, NULL),
(235, 'user_name', NULL, NULL),
(236, 'enrolled_course', NULL, NULL),
(237, 'enrollment_date', NULL, NULL),
(238, 'biography2', NULL, NULL),
(239, 'home', NULL, NULL),
(240, 'search_for_courses', NULL, NULL),
(241, 'total', NULL, NULL),
(242, 'go_to_cart', NULL, NULL),
(243, 'your_cart_is_empty', NULL, NULL),
(244, 'log_in', NULL, NULL),
(245, 'sign_up', NULL, NULL),
(246, 'what_do_you_want_to_learn', NULL, NULL),
(247, 'online_courses', NULL, NULL),
(248, 'explore_a_variety_of_fresh_topics', NULL, NULL),
(249, 'expert_instruction', NULL, NULL),
(250, 'find_the_right_course_for_you', NULL, NULL),
(251, 'lifetime_access', NULL, NULL),
(252, 'learn_on_your_schedule', NULL, NULL),
(253, 'top_courses', NULL, NULL),
(254, 'last_updater', NULL, NULL),
(255, 'hours', NULL, NULL),
(256, 'add_to_cart', NULL, NULL),
(257, 'top', NULL, NULL),
(258, 'latest_courses', NULL, NULL),
(259, 'added_to_cart', NULL, NULL),
(260, 'admin', NULL, NULL),
(261, 'log_in_to_your_udemy_account', NULL, NULL),
(262, 'by_signing_up_you_agree_to_our', NULL, NULL),
(263, 'terms_of_use', NULL, NULL),
(264, 'and', NULL, NULL),
(265, 'privacy_policy', NULL, NULL),
(266, 'do_not_have_an_account', NULL, NULL),
(267, 'sign_up_and_start_learning', NULL, NULL),
(268, 'check_here_for_exciting_deals_and_personalized_course_recommendations', NULL, NULL),
(269, 'already_have_an_account', NULL, NULL),
(270, 'checkout', NULL, NULL),
(271, 'paypal', NULL, NULL),
(272, 'stripe', NULL, NULL),
(273, 'step', NULL, NULL),
(274, 'how_would_you_rate_this_course_overall', NULL, NULL),
(275, 'write_a_public_review', NULL, NULL),
(276, 'describe_your_experience_what_you_got_out_of_the_course_and_other_helpful_highlights', NULL, NULL),
(277, 'what_did_the_instructor_do_well_and_what_could_use_some_improvement', NULL, NULL),
(278, 'next', NULL, NULL),
(279, 'previous', NULL, NULL),
(280, 'publish', NULL, NULL),
(281, 'search_results', NULL, NULL),
(282, 'ratings', NULL, NULL),
(283, 'search_results_for', NULL, NULL),
(284, 'category_page', NULL, NULL),
(285, 'all', NULL, NULL),
(286, 'category_list', NULL, NULL),
(287, 'by', NULL, NULL),
(288, 'go_to_wishlist', NULL, NULL),
(289, 'hi', NULL, NULL),
(290, 'my_courses', NULL, NULL),
(291, 'my_wishlist', NULL, NULL),
(292, 'my_messages', NULL, NULL),
(293, 'purchase_history', NULL, NULL),
(294, 'user_profile', NULL, NULL),
(295, 'already_purchased', NULL, NULL),
(296, 'all_courses', NULL, NULL),
(297, 'wishlists', NULL, NULL),
(298, 'search_my_courses', NULL, NULL),
(299, 'students_enrolled', NULL, NULL),
(300, 'created_by', NULL, NULL),
(301, 'last_updated', NULL, NULL),
(302, 'what_will_i_learn', NULL, NULL),
(303, 'view_more', NULL, NULL),
(304, 'other_related_courses', NULL, NULL),
(305, 'updated', NULL, NULL),
(306, 'curriculum_for_this_course', NULL, NULL),
(307, 'about_the_instructor', NULL, NULL),
(308, 'reviews', NULL, NULL),
(309, 'student_feedback', NULL, NULL),
(310, 'average_rating', NULL, NULL),
(311, 'preview_this_course', NULL, NULL),
(312, 'includes', NULL, NULL),
(313, 'on_demand_videos', NULL, NULL),
(314, 'full_lifetime_access', NULL, NULL),
(315, 'access_on_mobile_and_tv', NULL, NULL),
(316, 'course_preview', NULL, NULL),
(317, 'instructor_page', NULL, NULL),
(318, 'buy_now', NULL, NULL),
(319, 'shopping_cart', NULL, NULL),
(320, 'courses_in_cart', NULL, NULL),
(321, 'student_name', NULL, NULL),
(322, 'amount_to_pay', NULL, NULL),
(323, 'payment_successfully_done', NULL, NULL),
(324, 'filter_by', NULL, NULL),
(325, 'instructors', NULL, NULL),
(326, 'reset', NULL, NULL),
(327, 'your', NULL, NULL),
(328, 'rating', NULL, NULL),
(329, 'course_detail', NULL, NULL),
(330, 'start_lesson', NULL, NULL),
(331, 'show_full_biography', NULL, NULL),
(332, 'terms_and_condition', NULL, NULL),
(333, 'about', NULL, NULL),
(334, 'terms_&_condition', NULL, NULL),
(335, 'sub categories', NULL, NULL),
(336, 'add_sub_category', NULL, NULL),
(337, 'sub_category_title', NULL, NULL),
(338, 'add sub category', NULL, NULL),
(339, 'add_sub_category_form', NULL, NULL),
(340, 'sub_category_code', NULL, NULL),
(341, 'data_deleted', NULL, NULL),
(342, 'edit_category', NULL, NULL),
(343, 'edit category', NULL, NULL),
(344, 'edit_category_form', NULL, NULL),
(345, 'font', NULL, NULL),
(346, 'awesome class', NULL, NULL),
(347, 'update_category', NULL, NULL),
(348, 'data_updated_successfully', NULL, NULL),
(349, 'edit_sub_category', NULL, NULL),
(350, 'edit sub category', NULL, NULL),
(351, 'sub_category_edit', NULL, NULL),
(352, 'update_sub_category', NULL, NULL),
(353, 'course_added', NULL, NULL),
(354, 'user_deleted_successfully', NULL, NULL),
(355, 'private_messaging', NULL, NULL),
(356, 'private messaging', NULL, NULL),
(357, 'messages', NULL, NULL),
(358, 'select_message_to_read', NULL, NULL),
(359, 'new_message', NULL, NULL),
(360, 'email_duplication', NULL, NULL),
(361, 'your_registration_has_been_successfully_done', NULL, NULL),
(362, 'profile', NULL, NULL),
(363, 'account', NULL, NULL),
(364, 'add_information_about_yourself_to_share_on_your_profile', NULL, NULL),
(365, 'basics', NULL, NULL),
(366, 'add_your_twitter_link', NULL, NULL),
(367, 'add_your_facebook_link', NULL, NULL),
(368, 'add_your_linkedin_link', NULL, NULL),
(369, 'credentials', NULL, NULL),
(370, 'edit_your_account_settings', NULL, NULL),
(371, 'enter_current_password', NULL, NULL),
(372, 'enter_new_password', NULL, NULL),
(373, 're-type_your_password', NULL, NULL),
(374, 'save', NULL, NULL),
(375, 'update_user_photo', NULL, NULL),
(376, 'update_your_photo', NULL, NULL),
(377, 'upload_image', NULL, NULL),
(378, 'updated_successfully', NULL, NULL),
(379, 'invalid_login_credentials', NULL, NULL),
(380, 'blank_page', NULL, NULL),
(381, 'no_section_found', NULL, NULL),
(382, 'select_a_message_thread_to_read_it_here', NULL, NULL),
(383, 'send', NULL, NULL),
(384, 'type_your_message', NULL, NULL),
(385, 'date', NULL, NULL),
(386, 'total_price', NULL, NULL),
(387, 'payment_type', NULL, NULL),
(388, 'edit section', NULL, NULL),
(389, 'edit_section_form', NULL, NULL),
(390, 'reply_message', NULL, NULL),
(391, 'reply', NULL, NULL),
(392, 'log_in_to_your_account', NULL, NULL),
(393, 'no_result_found', NULL, NULL),
(394, 'enrollment', NULL, NULL),
(395, 'enroll_a_student', NULL, NULL),
(396, 'report', NULL, NULL),
(397, 'admin_revenue', NULL, NULL),
(398, 'instructor_revenue', NULL, NULL),
(399, 'instructor_settings', NULL, NULL),
(400, 'view_frontend', NULL, NULL),
(401, 'number_of_active_courses', NULL, NULL),
(402, 'number_of_pending_courses', NULL, NULL),
(403, 'all_instructor', NULL, NULL),
(404, 'active_courses', NULL, NULL),
(405, 'pending_courses', NULL, NULL),
(406, 'no_data_found', NULL, NULL),
(407, 'view_course_on_frontend', NULL, NULL),
(408, 'mark_as_pending', NULL, NULL),
(409, 'add category', NULL, NULL),
(410, 'add_categories', NULL, NULL),
(411, 'category_add_form', NULL, NULL),
(412, 'icon_picker', NULL, NULL),
(413, 'enroll a student', NULL, NULL),
(414, 'enrollment_form', NULL, NULL),
(415, 'admin revenue', NULL, NULL),
(416, 'total_amount', NULL, NULL),
(417, 'instructor revenue', NULL, NULL),
(418, 'status', NULL, NULL),
(419, 'instructor settings', NULL, NULL),
(420, 'allow_public_instructor', NULL, NULL),
(421, 'instructor_revenue_percentage', NULL, NULL),
(422, 'admin_revenue_percentage', NULL, NULL),
(423, 'update_instructor_settings', NULL, NULL),
(424, 'payment_info', NULL, NULL),
(425, 'required_for_instructors', NULL, NULL),
(426, 'paypal_client_id', NULL, NULL),
(427, 'stripe_public_key', NULL, NULL),
(428, 'stripe_secret_key', NULL, NULL),
(429, 'mark_as_active', NULL, NULL),
(430, 'mail_subject', NULL, NULL),
(431, 'mail_body', NULL, NULL),
(432, 'paid', NULL, NULL),
(433, 'pending', NULL, NULL),
(434, 'this_instructor_has_not_provided_valid_paypal_client_id', NULL, NULL),
(435, 'pay_with_paypal', NULL, NULL),
(436, 'this_instructor_has_not_provided_valid_public_key_or_secret_key', NULL, NULL),
(437, 'pay_with_stripe', NULL, NULL),
(438, 'create_course', NULL, NULL),
(439, 'payment_report', NULL, NULL),
(440, 'instructor_dashboard', NULL, NULL),
(441, 'draft', NULL, NULL),
(442, 'view_lessons', NULL, NULL),
(443, 'course_title', NULL, NULL),
(444, 'update_your_payment_settings', NULL, NULL),
(445, 'edit_course_detail', NULL, NULL),
(446, 'edit_basic_informations', NULL, NULL),
(447, 'publish_this_course', NULL, NULL),
(448, 'save_to_draft', NULL, NULL),
(449, 'update_section', NULL, NULL),
(450, 'analyzing_given_url', NULL, NULL),
(451, 'select_a_section', NULL, NULL),
(452, 'update_lesson', NULL, NULL),
(453, 'website_name', NULL, NULL),
(454, 'website_title', NULL, NULL),
(455, 'website_keywords', NULL, NULL),
(456, 'website_description', NULL, NULL),
(457, 'author', NULL, NULL),
(458, 'footer_text', NULL, NULL),
(459, 'footer_link', NULL, NULL),
(460, 'update_backend_logo', NULL, NULL),
(461, 'update_favicon', NULL, NULL),
(462, 'favicon', NULL, NULL),
(463, 'active courses', NULL, NULL),
(464, 'product_updated_successfully', NULL, NULL),
(465, 'course_overview_provider', NULL, NULL),
(466, 'youtube', NULL, NULL),
(467, 'vimeo', NULL, NULL),
(468, 'html5', NULL, NULL),
(469, 'meta_keywords', NULL, NULL),
(470, 'meta_description', NULL, NULL),
(471, 'lesson_type', NULL, NULL),
(472, 'video', NULL, NULL),
(473, 'select_type_of_lesson', NULL, NULL),
(474, 'text_file', NULL, NULL),
(475, 'pdf_file', NULL, NULL),
(476, 'document_file', NULL, NULL),
(477, 'image_file', NULL, NULL),
(478, 'lesson_provider', NULL, NULL),
(479, 'select_lesson_provider', NULL, NULL),
(480, 'analyzing_the_url', NULL, NULL),
(481, 'attachment', NULL, NULL),
(482, 'summary', NULL, NULL),
(483, 'download', NULL, NULL),
(484, 'system_settings_updated', NULL, NULL),
(485, 'course_updated_successfully', NULL, NULL),
(486, 'please_wait_untill_admin_approves_it', NULL, NULL),
(487, 'pending courses', NULL, NULL),
(488, 'course_status_updated', NULL, NULL),
(489, 'smtp_settings', NULL, NULL),
(490, 'free_course', NULL, NULL),
(491, 'free', NULL, NULL),
(492, 'get_enrolled', NULL, NULL),
(493, 'course_added_successfully', NULL, NULL),
(494, 'update_frontend_logo', NULL, NULL),
(495, 'system_currency_settings', NULL, NULL),
(496, 'select_system_currency', NULL, NULL),
(497, 'currency_position', NULL, NULL),
(498, 'left', NULL, NULL),
(499, 'right', NULL, NULL),
(500, 'left_with_a_space', NULL, NULL),
(501, 'right_with_a_space', NULL, NULL),
(502, 'paypal_currency', NULL, NULL),
(503, 'select_paypal_currency', NULL, NULL),
(504, 'stripe_currency', NULL, NULL),
(505, 'select_stripe_currency', NULL, NULL),
(506, 'heads_up', NULL, NULL),
(507, 'please_make_sure_that', NULL, NULL),
(508, 'system_currency', NULL, NULL),
(509, 'are_same', NULL, NULL),
(510, 'smtp settings', NULL, NULL),
(511, 'protocol', NULL, NULL),
(512, 'smtp_host', NULL, NULL),
(513, 'smtp_port', NULL, NULL),
(514, 'smtp_user', NULL, NULL),
(515, 'smtp_pass', NULL, NULL),
(516, 'update_smtp_settings', NULL, NULL),
(517, 'phrase_updated', NULL, NULL),
(518, 'registered_user', NULL, NULL),
(519, 'provide_your_valid_login_credentials', NULL, NULL),
(520, 'registration_form', NULL, NULL),
(521, 'provide_your_email_address_to_get_password', NULL, NULL),
(522, 'reset_password', NULL, NULL),
(523, 'want_to_go_back', NULL, NULL),
(524, 'message_sent!', NULL, NULL),
(525, 'selected_icon', NULL, NULL),
(526, 'pick_another_icon_picker', NULL, NULL),
(527, 'show_more', NULL, NULL),
(528, 'show_less', NULL, NULL),
(529, 'all_category', NULL, NULL),
(530, 'price_range', NULL, NULL),
(531, 'price_range_withing', NULL, NULL),
(532, 'all_categories', NULL, NULL),
(533, 'all_sub_category', NULL, NULL),
(534, 'number_of_results', NULL, NULL),
(535, 'showing_on_this_page', NULL, NULL),
(536, 'welcome', NULL, NULL),
(537, 'my_account', NULL, NULL),
(538, 'logout', NULL, NULL),
(539, 'visit_website', NULL, NULL),
(540, 'navigation', NULL, NULL),
(541, 'add_new_category', NULL, NULL),
(542, 'enrolment', NULL, NULL),
(543, 'enrol_history', NULL, NULL),
(544, 'enrol_a_student', NULL, NULL),
(545, 'language_settings', NULL, NULL),
(546, 'congratulations', NULL, NULL),
(547, 'oh_snap', NULL, NULL),
(548, 'close', NULL, NULL),
(549, 'parent', NULL, NULL),
(550, 'none', NULL, NULL),
(551, 'category_thumbnail', NULL, NULL),
(552, 'the_image_size_should_be', NULL, NULL),
(553, 'choose_thumbnail', NULL, NULL),
(554, 'data_added_successfully', NULL, NULL),
(555, '', NULL, NULL),
(556, 'update_category_form', NULL, NULL),
(557, 'student_list', NULL, NULL),
(558, 'choose_user_image', NULL, NULL),
(559, 'finish', NULL, NULL),
(560, 'thank_you', NULL, NULL),
(561, 'you_are_almost_there', NULL, NULL),
(562, 'you_are_just_one_click_away', NULL, NULL),
(563, 'country', NULL, NULL),
(564, 'website_settings', NULL, NULL),
(565, 'write_down_facebook_url', NULL, NULL),
(566, 'write_down_twitter_url', NULL, NULL),
(567, 'write_down_linkedin_url', NULL, NULL),
(568, 'google_link', NULL, NULL),
(569, 'write_down_google_url', NULL, NULL),
(570, 'instagram_link', NULL, NULL),
(571, 'write_down_instagram_url', NULL, NULL),
(572, 'pinterest_link', NULL, NULL),
(573, 'write_down_pinterest_url', NULL, NULL),
(574, 'update_settings', NULL, NULL),
(575, 'upload_banner_image', NULL, NULL),
(576, 'update_light_logo', NULL, NULL),
(577, 'upload_light_logo', NULL, NULL),
(578, 'update_dark_logo', NULL, NULL),
(579, 'upload_dark_logo', NULL, NULL),
(580, 'update_small_logo', NULL, NULL),
(581, 'upload_small_logo', NULL, NULL),
(582, 'upload_favicon', NULL, NULL),
(583, 'logo_updated', NULL, NULL),
(584, 'favicon_updated', NULL, NULL),
(585, 'banner_image_update', NULL, NULL),
(586, 'frontend_settings_updated', NULL, NULL),
(587, 'setup_payment_informations', NULL, NULL),
(588, 'update_system_currency', NULL, NULL),
(589, 'setup_paypal_settings', NULL, NULL),
(590, 'update_paypal_keys', NULL, NULL),
(591, 'setup_stripe_settings', NULL, NULL),
(592, 'test_mode', NULL, NULL),
(593, 'update_stripe_keys', NULL, NULL);

-- --------------------------------------------------------

--
-- Struktur dari tabel `lesson`
--

DROP TABLE IF EXISTS `lesson`;
CREATE TABLE IF NOT EXISTS `lesson` (
  `id` int(11) UNSIGNED NOT NULL AUTO_INCREMENT,
  `title` varchar(255) COLLATE utf8_unicode_ci DEFAULT NULL,
  `duration` varchar(255) COLLATE utf8_unicode_ci DEFAULT NULL,
  `course_id` int(11) DEFAULT NULL,
  `section_id` int(11) DEFAULT NULL,
  `video_type` varchar(255) COLLATE utf8_unicode_ci DEFAULT NULL,
  `video_url` varchar(255) COLLATE utf8_unicode_ci DEFAULT NULL,
  `date_added` int(11) DEFAULT NULL,
  `last_modified` int(11) DEFAULT NULL,
  `lesson_type` varchar(255) COLLATE utf8_unicode_ci DEFAULT NULL,
  `attachment` varchar(255) COLLATE utf8_unicode_ci DEFAULT NULL,
  `attachment_type` varchar(255) COLLATE utf8_unicode_ci DEFAULT NULL,
  `summary` longtext COLLATE utf8_unicode_ci,
  `order` int(11) NOT NULL DEFAULT '0',
  PRIMARY KEY (`id`)
) ENGINE=InnoDB AUTO_INCREMENT=7 DEFAULT CHARSET=utf8 COLLATE=utf8_unicode_ci;

--
-- Dumping data untuk tabel `lesson`
--

INSERT INTO `lesson` (`id`, `title`, `duration`, `course_id`, `section_id`, `video_type`, `video_url`, `date_added`, `last_modified`, `lesson_type`, `attachment`, `attachment_type`, `summary`, `order`) VALUES
(1, 'Belajar dasar', NULL, 1, 1, NULL, NULL, 1599868800, NULL, 'other', '230f83538bb508cabb66546fc415cd3b.txt', 'txt', 'oooo', 0),
(2, 'kuis dasar', '00:00:00', 1, 1, NULL, NULL, 1599868800, NULL, 'quiz', NULL, NULL, 'siapa penemu ?', 0),
(4, 'Public speaking', NULL, 3, 2, NULL, NULL, 1600214400, NULL, 'other', '5960166a5ebb8bea059f09bdb60da7f6.docx', 'txt', 'belajar public speaking', 0),
(5, 'Public speaking part 1', '00:00:00', 3, 2, NULL, NULL, 1600214400, NULL, 'quiz', NULL, NULL, 'wwww', 0),
(6, 'Kuis Pendahuluan', '00:00:00', 8, 3, NULL, NULL, 1603929600, NULL, 'quiz', NULL, NULL, 'Baca', 0);

-- --------------------------------------------------------

--
-- Struktur dari tabel `message`
--

DROP TABLE IF EXISTS `message`;
CREATE TABLE IF NOT EXISTS `message` (
  `message_id` int(11) NOT NULL AUTO_INCREMENT,
  `message_thread_code` longtext,
  `message` longtext,
  `sender` longtext,
  `timestamp` longtext,
  `read_status` int(11) DEFAULT NULL,
  PRIMARY KEY (`message_id`)
) ENGINE=MyISAM AUTO_INCREMENT=20 DEFAULT CHARSET=latin1;

--
-- Dumping data untuk tabel `message`
--

INSERT INTO `message` (`message_id`, `message_thread_code`, `message`, `sender`, `timestamp`, `read_status`) VALUES
(19, '6f904d6bb69d86e', 'haloo', '1', '1600223404', 1),
(18, '6f904d6bb69d86e', 'hhhh', '1', '1599975503', 1),
(17, '6f904d6bb69d86e', 'apa kabar ?', '1', '1599975471', 1),
(16, '6f904d6bb69d86e', 'hallo\r\n', '1', '1599973687', 1);

-- --------------------------------------------------------

--
-- Struktur dari tabel `message_thread`
--

DROP TABLE IF EXISTS `message_thread`;
CREATE TABLE IF NOT EXISTS `message_thread` (
  `message_thread_id` int(11) NOT NULL AUTO_INCREMENT,
  `message_thread_code` longtext COLLATE utf8_unicode_ci,
  `sender` varchar(255) COLLATE utf8_unicode_ci DEFAULT '',
  `receiver` varchar(255) COLLATE utf8_unicode_ci DEFAULT '',
  `last_message_timestamp` longtext COLLATE utf8_unicode_ci,
  PRIMARY KEY (`message_thread_id`)
) ENGINE=InnoDB AUTO_INCREMENT=8 DEFAULT CHARSET=utf8 COLLATE=utf8_unicode_ci;

--
-- Dumping data untuk tabel `message_thread`
--

INSERT INTO `message_thread` (`message_thread_id`, `message_thread_code`, `sender`, `receiver`, `last_message_timestamp`) VALUES
(7, '6f904d6bb69d86e', '1', '6', NULL);

-- --------------------------------------------------------

--
-- Struktur dari tabel `notifikasi`
--

DROP TABLE IF EXISTS `notifikasi`;
CREATE TABLE IF NOT EXISTS `notifikasi` (
  `id` int(11) NOT NULL AUTO_INCREMENT,
  `id_user` int(11) NOT NULL,
  `id_target` varchar(200) NOT NULL,
  `tipe` varchar(100) NOT NULL,
  `pesan` varchar(200) DEFAULT NULL,
  `link` varchar(200) DEFAULT NULL,
  `status` int(11) DEFAULT NULL,
  `date_add` int(11) NOT NULL,
  PRIMARY KEY (`id`)
) ENGINE=MyISAM AUTO_INCREMENT=43 DEFAULT CHARSET=latin1;

--
-- Dumping data untuk tabel `notifikasi`
--

INSERT INTO `notifikasi` (`id`, `id_user`, `id_target`, `tipe`, `pesan`, `link`, `status`, `date_add`) VALUES
(42, 6, '1323705378', 'pembayaran', 'Menunggu pembayaran untuk kelas Belajar Editing Android', 'href=\"#\" data-target=\"#wait\" data-toggle=\"modal\" data-kelas=\"Belajar Editing Android\" data-jumlah=\"1\"', 0, 1604028680);

-- --------------------------------------------------------

--
-- Struktur dari tabel `payment`
--

DROP TABLE IF EXISTS `payment`;
CREATE TABLE IF NOT EXISTS `payment` (
  `id` int(11) UNSIGNED NOT NULL AUTO_INCREMENT,
  `user_id` int(11) DEFAULT NULL,
  `payment_type` varchar(50) COLLATE utf8_unicode_ci DEFAULT NULL,
  `course_id` int(11) DEFAULT NULL,
  `amount` double DEFAULT NULL,
  `date_added` int(11) DEFAULT NULL,
  `last_modified` int(11) DEFAULT NULL,
  `admin_revenue` varchar(255) COLLATE utf8_unicode_ci DEFAULT NULL,
  `instructor_revenue` varchar(255) COLLATE utf8_unicode_ci DEFAULT NULL,
  `instructor_payment_status` int(11) DEFAULT '0',
  PRIMARY KEY (`id`)
) ENGINE=InnoDB DEFAULT CHARSET=utf8 COLLATE=utf8_unicode_ci;

-- --------------------------------------------------------

--
-- Struktur dari tabel `payment_mid`
--

DROP TABLE IF EXISTS `payment_mid`;
CREATE TABLE IF NOT EXISTS `payment_mid` (
  `id` int(11) NOT NULL AUTO_INCREMENT,
  `id_pengirim` varchar(11) DEFAULT NULL,
  `id_penerima` varchar(11) DEFAULT NULL,
  `id_course` varchar(11) DEFAULT NULL,
  `status_code` varchar(11) DEFAULT NULL,
  `status_message` varchar(200) DEFAULT NULL,
  `transaction_id` varchar(200) DEFAULT NULL,
  `order_id` varchar(20) DEFAULT NULL,
  `gross_amount` varchar(50) DEFAULT NULL,
  `payment_type` varchar(50) DEFAULT NULL,
  `transaction_time` varchar(50) DEFAULT NULL,
  `transaction_status` varchar(50) DEFAULT NULL,
  `fraud_status` varchar(50) DEFAULT NULL,
  `pdf_url` varchar(200) DEFAULT NULL,
  `finish_redirect_url` varchar(200) DEFAULT NULL,
  `permata_va_number` varchar(40) DEFAULT NULL,
  `bank` varchar(50) DEFAULT NULL,
  `va_number` varchar(40) DEFAULT NULL,
  `bill_key` varchar(40) DEFAULT NULL,
  `biller_code` varchar(40) DEFAULT NULL,
  `bca_va_number` varchar(40) DEFAULT NULL,
  `admin_revenue` int(200) DEFAULT NULL,
  `edukator_revenue` int(200) DEFAULT NULL,
  `date_added` int(11) DEFAULT NULL,
  PRIMARY KEY (`id`)
) ENGINE=MyISAM AUTO_INCREMENT=52 DEFAULT CHARSET=latin1;

--
-- Dumping data untuk tabel `payment_mid`
--

INSERT INTO `payment_mid` (`id`, `id_pengirim`, `id_penerima`, `id_course`, `status_code`, `status_message`, `transaction_id`, `order_id`, `gross_amount`, `payment_type`, `transaction_time`, `transaction_status`, `fraud_status`, `pdf_url`, `finish_redirect_url`, `permata_va_number`, `bank`, `va_number`, `bill_key`, `biller_code`, `bca_va_number`, `admin_revenue`, `edukator_revenue`, `date_added`) VALUES
(30, '59', '39', '9', '201', 'Transaksi sedang diproses', '0af8f007-4894-4345-96e1-163272f1b240', '1917675502', '59000.00', 'bank_transfer', '2020-10-27 07:50:18', 'settlement', 'accept', 'https://app.sandbox.midtrans.com/snap/v1/transactions/cf2b568f-c882-4b8e-9145-8dac0bd76265/pdf', 'http://example.com?order_id=1917675502&status_code=201&transaction_status=pending', '-', '-', '-', '-', '-', '-', 11800, 47200, 1603731600),
(28, '42', '40', '10', '201', 'Transaksi sedang diproses', 'c3733b21-03cc-4d7f-8b63-72489bd88412', '1837868471', '25000.00', 'bank_transfer', '2020-10-27 07:47:42', 'settlement', 'accept', 'https://app.sandbox.midtrans.com/snap/v1/transactions/883da7a3-576b-45b7-8c6d-afc7a6828140/pdf', 'http://example.com?order_id=1837868471&status_code=201&transaction_status=pending', '-', '-', '-', '-', '-', '03338780479', 5000, 20000, 1603731600),
(26, '57', '39', '9', '201', 'Transaksi sedang diproses', '4db5cced-4c1f-4459-815a-2836c4e41634', '318415479', '59000.00', 'bank_transfer', '2020-10-27 07:32:27', 'settlement', 'accept', 'https://app.sandbox.midtrans.com/snap/v1/transactions/76d8c272-8555-413a-9d4c-e92b42f01ac6/pdf', 'http://example.com?order_id=318415479&status_code=201&transaction_status=pending', '-', '-', '-', '-', '-', '03338717276', 11800, 47200, 1603731600),
(27, '43', '40', '10', '201', 'Transaksi sedang diproses', '5d15bf26-a302-4640-9d25-453eff126d6b', '597421141', '25000.00', 'bank_transfer', '2020-10-27 07:45:00', 'settlement', 'accept', 'https://app.sandbox.midtrans.com/snap/v1/transactions/a3def407-8646-4081-b8ac-6998702a880e/pdf', 'http://example.com?order_id=597421141&status_code=201&transaction_status=pending', '-', '-', '-', '-', '-', '03338301555', 5000, 20000, 1603731600),
(29, '58', '39', '9', '201', 'Transaksi sedang diproses', 'e4e63032-3ed0-40be-8d28-08622087f6c5', '1739313760', '59000.00', 'bank_transfer', '2020-10-27 07:49:29', 'settlement', 'accept', 'https://app.sandbox.midtrans.com/snap/v1/transactions/1be04fd3-c95e-49ea-bb87-03779172da4a/pdf', 'http://example.com?order_id=1739313760&status_code=201&transaction_status=pending', '-', '-', '-', '-', '-', '03338067063', 11800, 47200, 1603731600),
(31, '44', '40', '10', '201', 'Transaksi sedang diproses', '08aa8255-ad4e-499e-b297-95c47dcdbe06', '1069621284', '25000.00', 'bank_transfer', '2020-10-27 07:57:52', 'settlement', 'accept', 'https://app.sandbox.midtrans.com/snap/v1/transactions/04f85010-907f-41ca-afcd-41c1e512e991/pdf', 'http://example.com?order_id=1069621284&status_code=201&transaction_status=pending', '-', '-', '-', '-', '-', '03338913872', 5000, 20000, 1603731600),
(32, '45', '40', '10', '201', 'Transaksi sedang diproses', '6ac94a87-00e2-4e5d-a63f-35da90ca33ba', '467625197', '25000.00', 'bank_transfer', '2020-10-27 07:59:20', 'settlement', 'accept', 'https://app.sandbox.midtrans.com/snap/v1/transactions/17886089-6233-4eea-96ec-1975a0a311f1/pdf', 'http://example.com?order_id=467625197&status_code=201&transaction_status=pending', '-', '-', '-', '-', '-', '03338580225', 5000, 20000, 1603731600),
(33, '46', '40', '10', '201', 'Transaksi sedang diproses', 'fdd9c49f-b33d-409b-bd07-d1bfc8633980', '533452604', '25000.00', 'bank_transfer', '2020-10-27 08:00:51', 'settlement', 'accept', 'https://app.sandbox.midtrans.com/snap/v1/transactions/49d713b5-61ee-4a5e-9bd8-e2e9f6110974/pdf', 'http://example.com?order_id=533452604&status_code=201&transaction_status=pending', '-', '-', '-', '-', '-', '03338468930', 5000, 20000, 1603731600),
(34, '47', '40', '10', '201', 'Transaksi sedang diproses', '425e809e-c2c1-4d31-bdec-21df67802e8d', '1199022969', '25000.00', 'bank_transfer', '2020-10-27 08:03:18', 'settlement', 'accept', 'https://app.sandbox.midtrans.com/snap/v1/transactions/9f1f632a-118f-42f6-b69b-5e1242e8349a/pdf', 'http://example.com?order_id=1199022969&status_code=201&transaction_status=pending', '-', '-', '-', '-', '-', '03338703706', 5000, 20000, 1603731600),
(35, '48', '40', '10', '201', 'Transaksi sedang diproses', '5479a9c5-c81f-4f26-9507-f0e3d2cc3970', '390630542', '25000.00', 'bank_transfer', '2020-10-27 08:05:01', 'settlement', 'accept', 'https://app.sandbox.midtrans.com/snap/v1/transactions/13357ab7-ac15-4614-a433-86fdb76af99d/pdf', 'http://example.com?order_id=390630542&status_code=201&transaction_status=pending', '-', '-', '-', '-', '-', '03338200408', 5000, 20000, 1603731600),
(36, '50', '40', '10', '201', 'Transaksi sedang diproses', 'a60830e6-2b3a-487e-9e62-a00bcd730229', '44833307', '25000.00', 'bank_transfer', '2020-10-27 08:08:17', 'settlement', 'accept', 'https://app.sandbox.midtrans.com/snap/v1/transactions/14040b4d-c2f6-49cd-a05a-045be4f7e70d/pdf', 'http://example.com?order_id=44833307&status_code=201&transaction_status=pending', '-', '-', '-', '-', '-', '03338167075', 5000, 20000, 1603731600),
(37, '51', '40', '10', '201', 'Transaksi sedang diproses', 'bd613ec8-45be-470c-a4a6-cd2e3213befd', '1504375694', '25000.00', 'bank_transfer', '2020-10-27 08:09:41', 'settlement', 'accept', 'https://app.sandbox.midtrans.com/snap/v1/transactions/fea0e973-de10-413a-a66e-b2812c5543ac/pdf', 'http://example.com?order_id=1504375694&status_code=201&transaction_status=pending', '-', '-', '-', '-', '-', '03338844165', 5000, 20000, 1603731600),
(38, '52', '40', '10', '201', 'Transaksi sedang diproses', 'd71062e0-cbda-4fcd-b4f6-4e9647008790', '1687899301', '25000.00', 'bank_transfer', '2020-10-27 08:11:05', 'settlement', 'accept', 'https://app.sandbox.midtrans.com/snap/v1/transactions/a2047153-274e-4fa6-9833-19ecbc457973/pdf', 'http://example.com?order_id=1687899301&status_code=201&transaction_status=pending', '-', '-', '-', '-', '-', '-', 5000, 20000, 1603731600),
(39, '53', '40', '10', '201', 'Transaksi sedang diproses', 'e2789de3-11ff-413d-91f1-1f1898d40d97', '1556056594', '25000.00', 'bank_transfer', '2020-10-27 08:12:18', 'settlement', 'accept', 'https://app.sandbox.midtrans.com/snap/v1/transactions/0487b1df-111f-4dc0-9c2b-44ab7571dfd8/pdf', 'http://example.com?order_id=1556056594&status_code=201&transaction_status=pending', '-', '-', '-', '-', '-', '-', 5000, 20000, 1603731600),
(40, '54', '40', '10', '201', 'Transaksi sedang diproses', '02b5bc0c-213a-46e7-9394-88ca02046d9e', '490088787', '25000.00', 'bank_transfer', '2020-10-27 08:13:23', 'settlement', 'accept', 'https://app.sandbox.midtrans.com/snap/v1/transactions/b26ceb99-bbb3-4684-941f-26ca15a01dae/pdf', 'http://example.com?order_id=490088787&status_code=201&transaction_status=pending', '-', '-', '-', '-', '-', '-', 5000, 20000, 1603731600),
(41, '55', '40', '10', '201', 'Transaksi sedang diproses', 'e131bea4-bd94-461d-ac05-1db413f2ba16', '666012228', '25000.00', 'bank_transfer', '2020-10-27 08:15:07', 'settlement', 'accept', 'https://app.sandbox.midtrans.com/snap/v1/transactions/ee6e8139-2b1b-404f-a08d-df737ec9f1ae/pdf', 'http://example.com?order_id=666012228&status_code=201&transaction_status=pending', '-', '-', '-', '-', '-', '03338040331', 5000, 20000, 1603731600),
(42, '72', '40', '10', '201', 'Transaksi sedang diproses', 'd6a0dcd7-690a-42f5-aec2-f7b62260450b', '386094759', '25000.00', 'bank_transfer', '2020-10-27 08:22:59', 'settlement', 'accept', 'https://app.sandbox.midtrans.com/snap/v1/transactions/e13538e0-5f06-458e-a0dd-4ed3b83bf338/pdf', 'http://example.com?order_id=386094759&status_code=201&transaction_status=pending', '-', '-', '-', '-', '-', '03338205375', 5000, 20000, 1603731600),
(43, '73', '40', '10', '201', 'Transaksi sedang diproses', '1718a5c6-9d09-4b08-b63e-4a8a35b88ec6', '64258683', '25000.00', 'bank_transfer', '2020-10-27 08:24:14', 'settlement', 'accept', 'https://app.sandbox.midtrans.com/snap/v1/transactions/251f6f0c-df8e-4f59-a201-6bac38243d86/pdf', 'http://example.com?order_id=64258683&status_code=201&transaction_status=pending', '-', '-', '-', '-', '-', '-', 5000, 20000, 1603731600),
(44, '56', '39', '9', '201', 'Transaksi sedang diproses', 'b06b654a-5bb5-4a0d-b155-1e137bf5225f', '1890752633', '59000.00', 'bank_transfer', '2020-10-27 08:50:59', 'settlement', 'accept', 'https://app.sandbox.midtrans.com/snap/v1/transactions/6f504a2a-3008-40af-af48-889cca95276c/pdf', 'http://example.com?order_id=1890752633&status_code=201&transaction_status=pending', '-', '-', '-', '-', '-', '-', 11800, 47200, 1603731600),
(45, '60', '39', '9', '201', 'Transaksi sedang diproses', '4ba281db-6edd-44ff-b542-1a778c8cf819', '86359058', '59000.00', 'bank_transfer', '2020-10-27 08:53:33', 'settlement', 'accept', 'https://app.sandbox.midtrans.com/snap/v1/transactions/e5c7c0e6-2b6d-4b42-938e-ab239f71758b/pdf', 'http://example.com?order_id=86359058&status_code=201&transaction_status=pending', '-', '-', '-', '-', '-', '-', 11800, 47200, 1603731600),
(46, '61', '39', '9', '201', 'Transaksi sedang diproses', '8994de2e-cb37-4ad4-ad9e-fa410dcc2864', '342411505', '59000.00', 'bank_transfer', '2020-10-27 08:54:37', 'settlement', 'accept', 'https://app.sandbox.midtrans.com/snap/v1/transactions/e83e21ff-04ad-46cb-a7c9-91ff595ed26b/pdf', 'http://example.com?order_id=342411505&status_code=201&transaction_status=pending', '-', '-', '-', '-', '-', '-', 11800, 47200, 1603731600),
(47, '62', '39', '9', '201', 'Transaksi sedang diproses', '9a83c9ec-634f-49ec-abe2-16151f15397d', '2083977756', '59000.00', 'bank_transfer', '2020-10-27 08:55:40', 'settlement', 'accept', 'https://app.sandbox.midtrans.com/snap/v1/transactions/64505730-478b-40d4-80b6-8f6d299069cd/pdf', 'http://example.com?order_id=2083977756&status_code=201&transaction_status=pending', '-', '-', '-', '-', '-', '-', 11800, 47200, 1603731600),
(48, '63', '39', '9', '201', 'Transaksi sedang diproses', '7400a132-6114-4c14-9123-c6ae048761ed', '142874838', '59000.00', 'bank_transfer', '2020-10-27 08:56:35', 'settlement', 'accept', 'https://app.sandbox.midtrans.com/snap/v1/transactions/cdf5dd87-2411-48b3-abf0-01f4e870cd95/pdf', 'http://example.com?order_id=142874838&status_code=201&transaction_status=pending', '-', '-', '-', '-', '-', '-', 11800, 47200, 1603731600),
(49, '64', '39', '9', '201', 'Transaksi sedang diproses', '0e38db6d-c906-4469-9e89-36c0b9260513', '1930478913', '59000.00', 'bank_transfer', '2020-10-27 08:57:33', 'settlement', 'accept', 'https://app.sandbox.midtrans.com/snap/v1/transactions/0e699eb6-92bb-44ab-b52e-f93d509c0046/pdf', 'http://example.com?order_id=1930478913&status_code=201&transaction_status=pending', '-', '-', '-', '-', '-', '-', 11800, 47200, 1603731600),
(50, '71', '39', '9', '201', 'Transaksi sedang diproses', '9d331d08-adac-454f-abf5-7f14b48bc2db', '1983030932', '59000.00', 'bank_transfer', '2020-10-27 08:58:29', 'settlement', 'accept', 'https://app.sandbox.midtrans.com/snap/v1/transactions/9f5de807-09ca-436d-ae83-32cea04a4545/pdf', 'http://example.com?order_id=1983030932&status_code=201&transaction_status=pending', '-', '-', '-', '-', '-', '03338024303', 11800, 47200, 1603731600),
(51, '6', '39', '9', '201', 'Transaksi sedang diproses', 'b3a2d720-9d6d-492f-9f05-ca6cf18153fe', '1323705378', '59000.00', 'bank_transfer', '2020-10-30 10:31:18', 'settlement', 'accept', 'https://app.sandbox.midtrans.com/snap/v1/transactions/8822fd75-4aab-4f32-a2c7-85ed5309f1da/pdf', 'http://example.com?order_id=1323705378&status_code=201&transaction_status=pending', '-', '-', '-', '-', '-', '03338884259', 11800, 47200, 1604016000);

-- --------------------------------------------------------

--
-- Struktur dari tabel `question`
--

DROP TABLE IF EXISTS `question`;
CREATE TABLE IF NOT EXISTS `question` (
  `id` int(11) UNSIGNED NOT NULL AUTO_INCREMENT,
  `quiz_id` int(11) DEFAULT NULL,
  `title` longtext COLLATE utf8_unicode_ci,
  `type` varchar(255) COLLATE utf8_unicode_ci DEFAULT NULL,
  `number_of_options` int(11) DEFAULT NULL,
  `options` longtext COLLATE utf8_unicode_ci,
  `correct_answers` longtext COLLATE utf8_unicode_ci,
  `order` int(11) NOT NULL DEFAULT '0',
  PRIMARY KEY (`id`)
) ENGINE=InnoDB AUTO_INCREMENT=4 DEFAULT CHARSET=utf8 COLLATE=utf8_unicode_ci;

--
-- Dumping data untuk tabel `question`
--

INSERT INTO `question` (`id`, `quiz_id`, `title`, `type`, `number_of_options`, `options`, `correct_answers`, `order`) VALUES
(1, 2, 'apa penyebab aaa?', 'multiple_choice', 4, '[\"a\",\"b\",\"c\",\"d\"]', '[\"3\"]', 0),
(3, 5, 'Public speaking', 'multiple_choice', 1, '[\"www\"]', '[\"1\"]', 0);

-- --------------------------------------------------------

--
-- Struktur dari tabel `rating`
--

DROP TABLE IF EXISTS `rating`;
CREATE TABLE IF NOT EXISTS `rating` (
  `id` int(11) UNSIGNED NOT NULL AUTO_INCREMENT,
  `rating` double DEFAULT NULL,
  `user_id` int(11) DEFAULT NULL,
  `ratable_id` int(11) DEFAULT NULL,
  `ratable_type` varchar(50) COLLATE utf8_unicode_ci DEFAULT NULL,
  `date_added` int(11) DEFAULT NULL,
  `last_modified` int(11) DEFAULT NULL,
  `review` longtext COLLATE utf8_unicode_ci,
  PRIMARY KEY (`id`)
) ENGINE=InnoDB AUTO_INCREMENT=4 DEFAULT CHARSET=utf8 COLLATE=utf8_unicode_ci;

--
-- Dumping data untuk tabel `rating`
--

INSERT INTO `rating` (`id`, `rating`, `user_id`, `ratable_id`, `ratable_type`, `date_added`, `last_modified`, `review`) VALUES
(1, 5, 8, 1, 'course', 1594080000, NULL, ''),
(2, 1, 6, 1, 'course', 1599955200, NULL, 'oke'),
(3, NULL, NULL, NULL, 'course', 1603645200, NULL, NULL);

-- --------------------------------------------------------

--
-- Struktur dari tabel `role`
--

DROP TABLE IF EXISTS `role`;
CREATE TABLE IF NOT EXISTS `role` (
  `id` int(11) UNSIGNED NOT NULL AUTO_INCREMENT,
  `name` varchar(255) COLLATE utf8_unicode_ci DEFAULT NULL,
  `date_added` int(11) DEFAULT NULL,
  `last_modified` int(11) DEFAULT NULL,
  PRIMARY KEY (`id`)
) ENGINE=InnoDB AUTO_INCREMENT=3 DEFAULT CHARSET=utf8 COLLATE=utf8_unicode_ci;

--
-- Dumping data untuk tabel `role`
--

INSERT INTO `role` (`id`, `name`, `date_added`, `last_modified`) VALUES
(1, 'Admin', 1234567890, 1234567890),
(2, 'User', 1234567890, 1234567890);

-- --------------------------------------------------------

--
-- Struktur dari tabel `saldo_history`
--

DROP TABLE IF EXISTS `saldo_history`;
CREATE TABLE IF NOT EXISTS `saldo_history` (
  `id` int(11) NOT NULL AUTO_INCREMENT,
  `id_user` int(11) DEFAULT NULL,
  `jumlah` int(200) DEFAULT NULL,
  `tanggal` int(11) DEFAULT NULL,
  `status` int(11) DEFAULT '0',
  `bank` varchar(50) DEFAULT NULL,
  `no_rekening` int(50) DEFAULT NULL,
  PRIMARY KEY (`id`)
) ENGINE=MyISAM AUTO_INCREMENT=8 DEFAULT CHARSET=latin1;

-- --------------------------------------------------------

--
-- Struktur dari tabel `section`
--

DROP TABLE IF EXISTS `section`;
CREATE TABLE IF NOT EXISTS `section` (
  `id` int(11) NOT NULL AUTO_INCREMENT,
  `title` varchar(255) COLLATE utf8_unicode_ci DEFAULT NULL,
  `course_id` int(11) DEFAULT NULL,
  `order` int(11) NOT NULL DEFAULT '0',
  PRIMARY KEY (`id`)
) ENGINE=InnoDB AUTO_INCREMENT=5 DEFAULT CHARSET=utf8 COLLATE=utf8_unicode_ci;

--
-- Dumping data untuk tabel `section`
--

INSERT INTO `section` (`id`, `title`, `course_id`, `order`) VALUES
(1, 'Level 1', 1, 0),
(2, 'Dasar', 3, 0),
(3, 'Pendahuluan', 8, 1);

-- --------------------------------------------------------

--
-- Struktur dari tabel `sertifikat`
--

DROP TABLE IF EXISTS `sertifikat`;
CREATE TABLE IF NOT EXISTS `sertifikat` (
  `id` int(11) NOT NULL AUTO_INCREMENT,
  `nama` varchar(200) DEFAULT NULL,
  `order_id` varchar(20) DEFAULT NULL,
  PRIMARY KEY (`id`)
) ENGINE=MyISAM AUTO_INCREMENT=39 DEFAULT CHARSET=latin1;

--
-- Dumping data untuk tabel `sertifikat`
--

INSERT INTO `sertifikat` (`id`, `nama`, `order_id`) VALUES
(10, 'dwi', '1760054300'),
(9, 'rian', '1760054300'),
(11, '', '1378992612'),
(12, 'FINA AKHMALA DINY', '362273524'),
(13, 'Nadya Atikah Putri', '318415479'),
(14, 'Syarifah As-Syauqi', '597421141'),
(15, 'FINA AKHMALA DINY', '1837868471'),
(16, 'Imro\'atul Azizah', '1739313760'),
(17, 'Wisnu Adityawarman', '1917675502'),
(18, 'Lalu samsul rizal', '1069621284'),
(19, 'Anisah', '467625197'),
(20, 'Nadia Firdausi', '533452604'),
(21, 'Alfiyah Qurrotu', '1199022969'),
(22, 'Pristia Sabrina', '390630542'),
(23, 'Hasiyah ', '44833307'),
(24, 'MOH. HOSNO', '1504375694'),
(25, 'Siti Kustiyah', '1687899301'),
(26, 'Muhammad Haidar Lazuardi', '1556056594'),
(27, 'Aninditha Alfi Meilany', '490088787'),
(28, 'Tri Wisiyanti', '666012228'),
(29, 'Novianti', '386094759'),
(30, 'Hady sulaiman', '64258683'),
(31, 'Ika', '1890752633'),
(32, 'Gom Ahong', '86359058'),
(33, 'Reysa erika', '342411505'),
(34, 'Nihayatin Musyafa\'ah ', '2083977756'),
(35, 'Muhammad Haekal Abdun. S.Pd', '142874838'),
(36, 'Ika Emirulliah Hidayati, S.Pd. ', '1930478913'),
(37, 'Niswatul Fauziyah, S.Pd, M.Pd', '1983030932'),
(38, 'Rian Dwi Susanto', '1323705378');

-- --------------------------------------------------------

--
-- Struktur dari tabel `settings`
--

DROP TABLE IF EXISTS `settings`;
CREATE TABLE IF NOT EXISTS `settings` (
  `id` int(11) UNSIGNED NOT NULL AUTO_INCREMENT,
  `key` varchar(255) COLLATE utf8_unicode_ci DEFAULT NULL,
  `value` longtext COLLATE utf8_unicode_ci,
  PRIMARY KEY (`id`)
) ENGINE=InnoDB AUTO_INCREMENT=33 DEFAULT CHARSET=utf8 COLLATE=utf8_unicode_ci;

--
-- Dumping data untuk tabel `settings`
--

INSERT INTO `settings` (`id`, `key`, `value`) VALUES
(1, 'language', 'indonesia'),
(2, 'system_name', 'Oguru Indonesia'),
(3, 'system_title', 'Oguru Indonesia'),
(4, 'system_email', 'admin@oguru.com'),
(5, 'address', 'Surabaya'),
(6, 'phone', '085853858559'),
(7, 'purchase_code', '-'),
(8, 'paypal', '[{\"active\":\"1\",\"mode\":\"sandbox\",\"sandbox_client_id\":\"AZDxjDScFpQtjWTOUtWKbyN_bDt4OgqaF4eYXlewfBP4-8aqX3PiV8e1GWU6liB2CUXlkA59kJXE7M6R\",\"production_client_id\":\"1234\"}]'),
(9, 'stripe_keys', '[{\"active\":\"1\",\"testmode\":\"on\",\"public_key\":\"pk_test_c6VvBEbwHFdulFZ62q1IQrar\",\"secret_key\":\"sk_test_9IMkiM6Ykxr1LCe2dJ3PgaxS\",\"public_live_key\":\"pk_live_xxxxxxxxxxxxxxxxxxxxxxxx\",\"secret_live_key\":\"sk_live_xxxxxxxxxxxxxxxxxxxxxxxx\"}]'),
(10, 'youtube_api_key', 'AIzaSyBBJrcS7AhGd1Cgd6GKH3G5aUUj9L9NrFQ'),
(11, 'vimeo_api_key', '39258384b69994dba483c10286825b5c'),
(12, 'slogan', 'Berjuang'),
(13, 'text_align', NULL),
(14, 'allow_instructor', '1'),
(15, 'instructor_revenue', '64'),
(16, 'system_currency', 'USD'),
(17, 'paypal_currency', 'USD'),
(18, 'stripe_currency', 'USD'),
(19, 'author', 'Oguru Indonesia'),
(20, 'currency_position', 'left'),
(21, 'website_description', 'Oguru'),
(22, 'website_keywords', 'LMS,Learning Management System,Creativeitem,demo,hello,How are you'),
(23, 'footer_text', NULL),
(24, 'footer_link', 'http://lms.com/'),
(25, 'protocol', 'smtp'),
(26, 'smtp_host', 'ssl://smtp.gmail.com'),
(27, 'smtp_port', '465'),
(28, 'smtp_user', 'indonesiaoguru@gmail.com'),
(29, 'smtp_pass', 'oguru2019'),
(30, 'version', '2.0.1'),
(31, 'student_email_verification', 'disable'),
(32, 'language', 'indonesia');

-- --------------------------------------------------------

--
-- Struktur dari tabel `tag`
--

DROP TABLE IF EXISTS `tag`;
CREATE TABLE IF NOT EXISTS `tag` (
  `id` int(11) UNSIGNED NOT NULL AUTO_INCREMENT,
  `tag` varchar(255) COLLATE utf8_unicode_ci DEFAULT NULL,
  `tagable_id` int(11) DEFAULT NULL,
  `tagable_type` varchar(255) COLLATE utf8_unicode_ci DEFAULT NULL,
  `date_added` int(11) DEFAULT NULL,
  `last_modified` int(11) DEFAULT NULL,
  PRIMARY KEY (`id`)
) ENGINE=InnoDB DEFAULT CHARSET=utf8 COLLATE=utf8_unicode_ci;

-- --------------------------------------------------------

--
-- Struktur dari tabel `users`
--

DROP TABLE IF EXISTS `users`;
CREATE TABLE IF NOT EXISTS `users` (
  `id` int(11) UNSIGNED NOT NULL AUTO_INCREMENT,
  `first_name` varchar(255) COLLATE utf8_unicode_ci DEFAULT NULL,
  `last_name` varchar(255) COLLATE utf8_unicode_ci DEFAULT NULL,
  `email` varchar(50) COLLATE utf8_unicode_ci DEFAULT NULL,
  `password` varchar(255) COLLATE utf8_unicode_ci DEFAULT NULL,
  `social_links` longtext COLLATE utf8_unicode_ci,
  `biography` longtext COLLATE utf8_unicode_ci,
  `role_id` int(11) DEFAULT NULL,
  `date_added` int(11) DEFAULT NULL,
  `last_modified` int(11) DEFAULT NULL,
  `watch_history` longtext COLLATE utf8_unicode_ci,
  `title` longtext COLLATE utf8_unicode_ci,
  `status` int(11) DEFAULT NULL,
  `nik` int(20) DEFAULT NULL,
  `ktp` varchar(50) COLLATE utf8_unicode_ci DEFAULT NULL,
  `is_edukator` int(11) DEFAULT '0',
  `deskripsi_channel` varchar(256) COLLATE utf8_unicode_ci NOT NULL DEFAULT 'tidak ada deskripsi',
  PRIMARY KEY (`id`)
) ENGINE=InnoDB AUTO_INCREMENT=75 DEFAULT CHARSET=utf8 COLLATE=utf8_unicode_ci;

--
-- Dumping data untuk tabel `users`
--

INSERT INTO `users` (`id`, `first_name`, `last_name`, `email`, `password`, `social_links`, `biography`, `role_id`, `date_added`, `last_modified`, `watch_history`, `title`, `status`, `nik`, `ktp`, `is_edukator`, `deskripsi_channel`) VALUES
(1, 'Oguru', 'Official', 'admin@oguru.com', 'f439185dd185fafd71ee848210614648cef4e52b', '{\"facebook\":\"belum ada\",\"twitter\":\"belum ada\",\"linkedin\":\"belum ada\"}', 'Oguru Official', 1, NULL, 1594128491, NULL, 'Oguru Official', 1, NULL, NULL, 1, 'tidak ada deskripsi'),
(4, 'Iqbal', 'Hidayat', 'iqbalulh@gmail.com', 'f439185dd185fafd71ee848210614648cef4e52b', '{\"facebook\":\"\",\"twitter\":\"\",\"linkedin\":\"\"}', NULL, 2, 1600843366, NULL, '[]', NULL, 0, NULL, NULL, 0, 'tidak ada deskripsi'),
(5, 'Inung', 'Haqqi', 'ahmadmatinulhaq1998@gmail.com', '4dc24ec61a8cb215c9efd56b9c195946b4e04a2c', '{\"facebook\":\"\",\"twitter\":\"\",\"linkedin\":\"\"}', NULL, 2, 1594564509, NULL, '[]', NULL, 1, NULL, NULL, 1, 'tidak ada deskripsi'),
(6, 'Rian', 'Dwi', 'riandwisusanto03@gmail.com', 'f439185dd185fafd71ee848210614648cef4e52b', '{\"facebook\":\"\",\"twitter\":\"\",\"linkedin\":null}', '<p>Pelajar tangguh</p>', 2, 1594302649, 1599966769, '[]', NULL, 1, 1212313, 'ff10d0947199aa119132acebbd132ea2.png', 1, 'hallo'),
(7, 'Sarah', 'almira', 'viseola@gmail.com', '471b090385e2a176a4c91411a7f31df04e411927', '{\"facebook\":\"\",\"twitter\":\"\",\"linkedin\":\"\"}', NULL, 2, 1594609948, NULL, '[]', NULL, 1, NULL, NULL, 1, 'tidak ada deskripsi'),
(10, 'Norman', 'Al Farisi', 'normanalfarisi@oguru.com', 'a54d426bcc0bce7e742d39c4b434b5736d0a1e76', '{\"facebook\":\"\",\"twitter\":\"\",\"linkedin\":\"\"}', NULL, 2, 1594649826, NULL, '[]', NULL, 1, NULL, NULL, 1, 'tidak ada deskripsi'),
(11, 'haqi', 'mohammad', 'haki.kediri@gmail.com', 'd0ef530c6d0cdbf5759d8ec43f16dfd9eafd7785', '{\"facebook\":\"\",\"twitter\":\"\",\"linkedin\":\"\"}', '', 2, 1594727327, 1594727591, '[]', NULL, 1, NULL, NULL, 1, 'tidak ada deskripsi'),
(12, 'anisha icha', 'aisyah', 'ichaanisha@gmail.com', '08a831b82f10f8aa4dff199424a0fd2245adb540', '{\"facebook\":\"\",\"twitter\":\"\",\"linkedin\":\"\"}', NULL, 2, 1594823952, NULL, '[]', NULL, 1, NULL, NULL, 1, 'tidak ada deskripsi'),
(13, 'Ristania', 'tania', 'ristania@gmail.com', '69ca112ec264610f02602ffa89d6764a2cbbe3f3', '{\"facebook\":\"\",\"twitter\":\"\",\"linkedin\":\"\"}', NULL, 2, 1594826894, NULL, '[]', NULL, 1, NULL, NULL, 1, 'tidak ada deskripsi'),
(14, 'Drs. Bambang Hidup Muljo M.Pd', 'bambang', 'bambang@gmail.com', '8d915418744c262d862505a7747465e62d918c29', '{\"facebook\":\"\",\"twitter\":\"\",\"linkedin\":\"\"}', NULL, 2, 1594827166, NULL, '[]', NULL, 1, NULL, NULL, 1, 'tidak ada deskripsi'),
(15, 'Salsa', 'Herlambang', 'salsabilaherlambang.sh@gmail.com', '743b364d1297130edcd7a16268b9c0362954f76e', '{\"facebook\":\"\",\"twitter\":\"\",\"linkedin\":\"\"}', NULL, 2, 1594972973, NULL, '[]', NULL, 1, NULL, NULL, 1, 'tidak ada deskripsi'),
(16, 'Haraga', 'diri', 'geandralvira@gmail.com', '7c4a8d09ca3762af61e59520943dc26494f8941b', '{\"facebook\":\"\",\"twitter\":\"\",\"linkedin\":\"\"}', NULL, 2, 1595169171, NULL, '[]', NULL, 1, NULL, NULL, 1, 'tidak ada deskripsi'),
(17, 'Annisa', 'Rizqi', 'annisarizqi.ar@gmail.com', '684c740b894bdda65062daf5d02ad497d2a5746c', '{\"facebook\":\"\",\"twitter\":\"\",\"linkedin\":\"\"}', NULL, 2, 1594564900, NULL, '[]', NULL, 1, NULL, NULL, 1, 'tidak ada deskripsi'),
(18, 'Ariska', 'Hamid', 'ariskamalinda@gmail.com', '8be3569f9eba1da7d6435376cc9dee9624500cf1', '{\"facebook\":\"\",\"twitter\":\"\",\"linkedin\":\"\"}', NULL, 2, 1594624409, NULL, '[]', NULL, 1, NULL, NULL, 1, 'tidak ada deskripsi'),
(19, 'Ristania', 'Harwin', 'ristaniaharwinverdian@gmail.com', 'ab8f6720616ddf0ec0aa634f092815eed755db28', '{\"facebook\":\"\",\"twitter\":\"\",\"linkedin\":\"\"}', NULL, 2, 1594644121, NULL, '[]', NULL, 1, NULL, NULL, 1, 'tidak ada deskripsi'),
(36, 'salsabila', 'herlambang', 'diatahu6@gmail.com', '18d6afdaad9abb45f54134752aa3a754af433b1d', '{\"facebook\":\"\",\"twitter\":\"\",\"linkedin\":\"\"}', NULL, 2, 1603420503, NULL, '[]', NULL, 1, NULL, NULL, 0, 'tidak ada deskripsi'),
(38, 'Izza Milenia', 'Ariyati', 'izzamileniaariyati@gmail.com', 'ce388c22dc3303e2c9f2f42f7098cafc0f721478', '{\"facebook\":\"\",\"twitter\":\"\",\"linkedin\":null}', '', 2, 1603637342, 1603637460, '[]', NULL, 1, 2147483647, '3a81d351a6eff9f7052c64672261a35a.jpg', 1, 'tidak ada deskripsi'),
(39, 'Norman Al', 'Farisi', 'normanalfarisi@gmail.com', 'ce388c22dc3303e2c9f2f42f7098cafc0f721478', '{\"facebook\":\"\",\"twitter\":\"\",\"linkedin\":\"\"}', NULL, 2, 1603714388, NULL, '[]', NULL, 1, 2147483647, '50b3028385e226f9f31dae1902eff2f2.jpg', 1, 'tidak ada deskripsi'),
(40, 'Nur Kholis ', 'Majid', 'nurkholis@gmail.com', 'ce388c22dc3303e2c9f2f42f7098cafc0f721478', '{\"facebook\":\"\",\"twitter\":\"\",\"linkedin\":\"\"}', NULL, 2, 1603714860, NULL, '[]', NULL, 1, NULL, NULL, 1, 'tidak ada deskripsi'),
(41, 'Febryansah Gilang Aris', 'Pradana, S.Pd.', 'gilangaris@gmail.com', 'ce388c22dc3303e2c9f2f42f7098cafc0f721478', '{\"facebook\":\"\",\"twitter\":\"\",\"linkedin\":\"\"}', NULL, 2, 1603726313, NULL, '[]', NULL, 1, 2147483647, 'df7e739c42405da3d082bbb234cac1ab.mp4', 1, 'tidak ada deskripsi'),
(42, 'FINA AKHMALA', 'DINY', 'finaadiny1623@gmail.com', '31f256b2f94f46909bf26bf1e88e221ba881f701', '{\"facebook\":\"\",\"twitter\":\"\",\"linkedin\":\"\"}', NULL, 2, 1603747948, NULL, '[]', NULL, 1, NULL, NULL, 0, 'tidak ada deskripsi'),
(43, 'Syarifah', 'As-Syauqi', 'sy.miftahqillah@gmail.com', 'b8ba05534fc9eaf395ab453cb0bb86f7b4126a5b', '{\"facebook\":\"\",\"twitter\":\"\",\"linkedin\":\"\"}', NULL, 2, 1603748122, NULL, '[]', NULL, 1, NULL, NULL, 0, 'tidak ada deskripsi'),
(44, 'Lalu', 'rizal', 'rizallalu080@gmail.com', '26e0d4ee2b6ef27dd65fb94a1d5ef13a24549e21', '{\"facebook\":\"\",\"twitter\":\"\",\"linkedin\":\"\"}', NULL, 2, 1603748196, NULL, '[]', NULL, 1, NULL, NULL, 0, 'tidak ada deskripsi'),
(45, 'Anisah', ' ', 'nanisah37@gmail.com', 'daa2271eb311a0a7187d9512ca005e7c2cc6f8b0', '{\"facebook\":\"\",\"twitter\":\"\",\"linkedin\":\"\"}', NULL, 2, 1603748258, NULL, '[]', NULL, 1, NULL, NULL, 0, 'tidak ada deskripsi'),
(46, 'Nadia', 'Firdausi', 'nadiafirdausi33@gmail.com', 'e4026eab539c24fbe54ba5e77e5ace9aea1efe8d', '{\"facebook\":\"\",\"twitter\":\"\",\"linkedin\":\"\"}', NULL, 2, 1603748292, NULL, '[]', NULL, 1, NULL, NULL, 0, 'tidak ada deskripsi'),
(47, 'Alfiyah', 'Qurrotu', 'ayuninaqaeta@gmail.com', 'd4bf589398e31953dd7689e16de3c9e3b3012636', '{\"facebook\":\"\",\"twitter\":\"\",\"linkedin\":\"\"}', NULL, 2, 1603748336, NULL, '[]', NULL, 1, NULL, NULL, 0, 'tidak ada deskripsi'),
(48, 'Pristia', 'Sabrina', 'Pristiasabrina12@gmail.com', '3fa5723ed9ca8dee2ac2468cac0f40d3d3614b1c', '{\"facebook\":\"\",\"twitter\":\"\",\"linkedin\":\"\"}', NULL, 2, 1603748370, NULL, '[]', NULL, 1, NULL, NULL, 0, 'tidak ada deskripsi'),
(49, 'Elfa', 'Maulidiyah', 'elfanafilah@student.ppns.ac.id', '850504cd82dc5192040c7440077985f9d4ca051b', '{\"facebook\":\"\",\"twitter\":\"\",\"linkedin\":\"\"}', NULL, 2, 1603748428, NULL, '[]', NULL, 1, NULL, NULL, 0, 'tidak ada deskripsi'),
(50, 'Hasiyah', ' ', 'aacintasastra17@gmail.com', 'a8cb8449378192462841a3ab1af253556782d8b7', '{\"facebook\":\"\",\"twitter\":\"\",\"linkedin\":\"\"}', NULL, 2, 1603748460, NULL, '[]', NULL, 1, NULL, NULL, 0, 'tidak ada deskripsi'),
(51, 'MOH', 'HOSNO', 'mohammadHosno22@gmail.com', '63517c391e4ee20fd8cb1be8786e4ddf5a552eb3', '{\"facebook\":\"\",\"twitter\":\"\",\"linkedin\":\"\"}', NULL, 2, 1603748492, NULL, '[]', NULL, 1, NULL, NULL, 0, 'tidak ada deskripsi'),
(52, 'Siti', 'Kustiyah', 'kustiyahsiti@gmile.com', '702c4fe55708cebd60665ac3c98b436ca6ce74e7', '{\"facebook\":\"\",\"twitter\":\"\",\"linkedin\":\"\"}', NULL, 2, 1603748574, NULL, '[]', NULL, 1, NULL, NULL, 0, 'tidak ada deskripsi'),
(53, 'Muhammad', 'Lazuardi', 'haidarlazuardii22@gmail.com', '501feff4c035ee3bacd48978d71c7ffcbc951c0c', '{\"facebook\":\"\",\"twitter\":\"\",\"linkedin\":\"\"}', NULL, 2, 1603748617, NULL, '[]', NULL, 1, NULL, NULL, 0, 'tidak ada deskripsi'),
(54, 'Aninditha', 'Meilany', 'meilany304@gmail.com', 'f4ad345f7e158281ea53b9fe5564c17806a7c1e3', '{\"facebook\":\"\",\"twitter\":\"\",\"linkedin\":\"\"}', NULL, 2, 1603748660, NULL, '[]', NULL, 1, NULL, NULL, 0, 'tidak ada deskripsi'),
(55, 'Tri', 'Wisiyanti', 'triwidiyanti030@gmail.com', '6d1b087cb2fd1207d66e0727b5a476e31c3de06b', '{\"facebook\":\"\",\"twitter\":\"\",\"linkedin\":\"\"}', NULL, 2, 1603748701, NULL, '[]', NULL, 1, NULL, NULL, 0, 'tidak ada deskripsi'),
(56, 'Ika', ' ', 'riskarandi31@gmail.com', '34425e52ab4aa4b3287d7b907cf47f4ac73aa6a6', '{\"facebook\":\"\",\"twitter\":\"\",\"linkedin\":\"\"}', NULL, 2, 1603748730, NULL, '[]', NULL, 1, NULL, NULL, 0, 'tidak ada deskripsi'),
(57, 'Nadya', 'Putri', 'nadyaatikahputri@gmail.com', '23fac4ef8b631288752e08f71731ec3f0fac408b', '{\"facebook\":\"\",\"twitter\":\"\",\"linkedin\":\"\"}', NULL, 2, 1603748781, NULL, '[]', NULL, 1, NULL, NULL, 0, 'tidak ada deskripsi'),
(58, 'Imro&#039;atul', 'Azizah', 'remboiim24@gmail.com', '87d1e79d03462ff0eebe6ae56fb697e806d11d95', '{\"facebook\":\"\",\"twitter\":\"\",\"linkedin\":\"\"}', NULL, 2, 1603748821, NULL, '[]', NULL, 1, NULL, NULL, 0, 'tidak ada deskripsi'),
(59, 'Wisnu', 'Adityawarman', 'Mwisdildyris@gmail.com', '6ab695cbca421a5c02459ee548683e2542cfd80d', '{\"facebook\":\"\",\"twitter\":\"\",\"linkedin\":\"\"}', NULL, 2, 1603748853, NULL, '[]', NULL, 1, NULL, NULL, 0, 'tidak ada deskripsi'),
(60, 'Gom', 'Ahong', 'gaemane@gmail.com', 'f903967adb41c435aeda13fe194c716b84fd2e4a', '{\"facebook\":\"\",\"twitter\":\"\",\"linkedin\":\"\"}', NULL, 2, 1603748885, NULL, '[]', NULL, 1, NULL, NULL, 0, 'tidak ada deskripsi'),
(61, 'Reysa', 'erika', 'reysaerika1999@gmail.com', 'e653a0c7a92794eb7735eb1aafadc0e7b48d90af', '{\"facebook\":\"\",\"twitter\":\"\",\"linkedin\":\"\"}', NULL, 2, 1603748925, NULL, '[]', NULL, 1, NULL, NULL, 0, 'tidak ada deskripsi'),
(62, 'Nihayatin', 'Musyafa&#039;ah', 'nihayatin.musyafaah1995@gmail.com', '1c5605f5390cf06f2fbaa38f5537c9df93bc5680', '{\"facebook\":\"\",\"twitter\":\"\",\"linkedin\":\"\"}', NULL, 2, 1603748955, NULL, '[]', NULL, 1, NULL, NULL, 0, 'tidak ada deskripsi'),
(63, 'Muhammad', 'Haekal', 'haekalabdun.ha@gmail.com', '8127f9ceb02df21f087daf48bddea6c5a352ad9e', '{\"facebook\":\"\",\"twitter\":\"\",\"linkedin\":\"\"}', NULL, 2, 1603756267, NULL, '[]', NULL, 1, NULL, NULL, 0, 'tidak ada deskripsi'),
(64, 'Ika', 'Emirulliah', 'ikahidayat09@gmail.com', '6e07fd1100eccffcb414e8dfb345bb955fb39efe', '{\"facebook\":\"\",\"twitter\":\"\",\"linkedin\":\"\"}', NULL, 2, 1603756316, NULL, '[]', NULL, 1, NULL, NULL, 0, 'tidak ada deskripsi'),
(65, 'ANENGAH', 'PRAVITHA', 'vithadeva@gmail.com', '58e9f88adeb1305436bc31314fc0cbcf39884aa6', '{\"facebook\":\"\",\"twitter\":\"\",\"linkedin\":\"\"}', NULL, 2, 1603756380, NULL, '[]', NULL, 1, NULL, NULL, 0, 'tidak ada deskripsi'),
(66, 'Ihsanul', 'Fuad', 'realfuad78@gmail.com', 'bca7c9d6634edd1e0219b1eea81dcda0c1245d16', '{\"facebook\":\"\",\"twitter\":\"\",\"linkedin\":\"\"}', NULL, 2, 1603756450, NULL, '[]', NULL, 1, NULL, NULL, 0, 'tidak ada deskripsi'),
(67, 'Fitri', 'Jayanti', 'fitri.jayanti151@gmail.com', '75d5ccb783b6564bc4af3f9d002cc74203c9b62f', '{\"facebook\":\"\",\"twitter\":\"\",\"linkedin\":\"\"}', NULL, 2, 1603756502, NULL, '[]', NULL, 1, NULL, NULL, 0, 'tidak ada deskripsi'),
(68, 'Marniati', ' ', 'marniatimarhum@gmail.com', 'da7ab1b83e5ab8550626a1a5d7b255716c927f34', '{\"facebook\":\"\",\"twitter\":\"\",\"linkedin\":\"\"}', NULL, 2, 1603756532, NULL, '[]', NULL, 1, NULL, NULL, 0, 'tidak ada deskripsi'),
(69, 'Lutfi', 'Amimah', 'lutfi.amh15@gmail.com', 'f1c2306aa8eddba830ebc9ca57ad69e81e905c51', '{\"facebook\":\"\",\"twitter\":\"\",\"linkedin\":\"\"}', NULL, 2, 1603756564, NULL, '[]', NULL, 1, NULL, NULL, 0, 'tidak ada deskripsi'),
(70, 'Asrianti', ' ', 'antiasrianti16@gmail.com', '6de92b85a7669eaf7c54dc127f6d3ac62a14edbd', '{\"facebook\":\"\",\"twitter\":\"\",\"linkedin\":\"\"}', NULL, 2, 1603756588, NULL, '[]', NULL, 1, NULL, NULL, 0, 'tidak ada deskripsi'),
(71, 'Niswatul', 'Fauziyah', 'niswatulfauziyah21@gmail.com', 'e636c1132b8a421400f675a1500a37d7246450c7', '{\"facebook\":\"\",\"twitter\":\"\",\"linkedin\":\"\"}', NULL, 2, 1603756637, NULL, '[]', NULL, 1, NULL, NULL, 0, 'tidak ada deskripsi'),
(72, 'Novianti', 'Dwi', 'noviantitaha@gmail.com', 'd3ebe358e9454f373708d58c401424400928fc5d', '{\"facebook\":\"\",\"twitter\":\"\"}', '', 2, 1603761676, NULL, '[]', NULL, 1, NULL, NULL, 0, 'tidak ada deskripsi'),
(73, 'Hady', 'Sulaiman', 'hadysulaiman10@gmail.com', 'd16788a5bd5fa5de84eb4f7a4122159533cf904c', '{\"facebook\":\"\",\"twitter\":\"\"}', '', 2, 1603761719, NULL, '[]', NULL, 1, NULL, NULL, 0, 'tidak ada deskripsi'),
(74, 'Rian', 'Susanto', 'riandwisusanto020@gmail.com', 'f439185dd185fafd71ee848210614648cef4e52b', '{\"facebook\":\"\",\"twitter\":\"\"}', NULL, 2, 1603770489, NULL, '[]', NULL, 0, NULL, NULL, 0, 'tidak ada deskripsi');

-- --------------------------------------------------------

--
-- Struktur dari tabel `video`
--

DROP TABLE IF EXISTS `video`;
CREATE TABLE IF NOT EXISTS `video` (
  `id` int(11) NOT NULL AUTO_INCREMENT,
  `judul` varchar(200) DEFAULT NULL,
  `deskripsi` text,
  `link` varchar(200) DEFAULT NULL,
  `id_user` int(11) DEFAULT NULL,
  `id_kategori` int(11) DEFAULT NULL,
  `status` int(11) NOT NULL DEFAULT '0',
  `date_added` int(11) DEFAULT NULL,
  `date_edit` int(11) DEFAULT NULL,
  PRIMARY KEY (`id`)
) ENGINE=MyISAM AUTO_INCREMENT=16 DEFAULT CHARSET=latin1;

--
-- Dumping data untuk tabel `video`
--

INSERT INTO `video` (`id`, `judul`, `deskripsi`, `link`, `id_user`, `id_kategori`, `status`, `date_added`, `date_edit`) VALUES
(1, 'Belajar Kenampakan Alam dan Buatan', 'Hai sobat Oguru, yuk simak pembelajaran OVIDI kita kali ini, kali ii kita akan mempelajari materi tentang kenampakan alam dan buatan yang ada di Indonesia.', 'https://youtube.com/embed/cK8yr0ZLd1E', 1, 21, 1, 1600223404, NULL),
(15, 'wkwk', 'wkwkwk', 'meniup balon.mp4', 6, 14, 0, 1603076133, NULL);
COMMIT;

/*!40101 SET CHARACTER_SET_CLIENT=@OLD_CHARACTER_SET_CLIENT */;
/*!40101 SET CHARACTER_SET_RESULTS=@OLD_CHARACTER_SET_RESULTS */;
/*!40101 SET COLLATION_CONNECTION=@OLD_COLLATION_CONNECTION */;
